,Time,Date,Strefa1,Strefa2,Strefa3,Strefa4,Strefa5,Strefa6,Strefa7,Strefa8,Strefa9,Strefa10,Date_time
720,12:29:19,2018-06-18,256,248,0,0,0,0,0,0,0,0,2018-06-18 12:29:19
721,12:31:20,2018-06-18,256,248,0,0,0,0,0,0,0,0,2018-06-18 12:31:20
722,12:34:37,2018-06-18,273,252,0,0,0,0,0,0,0,0,2018-06-18 12:34:37
723,12:36:38,2018-06-18,267,250,0,0,0,0,0,0,0,0,2018-06-18 12:36:38
724,12:38:37,2018-06-18,262,249,0,0,0,0,0,0,0,0,2018-06-18 12:38:37
725,12:40:38,2018-06-18,259,249,0,0,0,0,0,0,0,0,2018-06-18 12:40:38
726,12:42:37,2018-06-18,258,249,0,0,0,0,0,0,0,0,2018-06-18 12:42:37
727,12:44:37,2018-06-18,257,249,0,0,0,0,0,0,0,0,2018-06-18 12:44:37
728,12:46:37,2018-06-18,257,248,0,0,0,0,0,0,0,0,2018-06-18 12:46:37
729,12:48:38,2018-06-18,257,248,0,0,0,0,0,0,0,0,2018-06-18 12:48:38
730,12:50:37,2018-06-18,257,248,0,0,0,0,0,0,0,0,2018-06-18 12:50:37
731,12:52:37,2018-06-18,256,248,0,0,0,0,0,0,0,0,2018-06-18 12:52:37
732,12:54:38,2018-06-18,256,248,0,0,0,0,0,0,0,0,2018-06-18 12:54:38
733,12:56:38,2018-06-18,256,248,0,0,0,0,0,0,0,0,2018-06-18 12:56:38
734,12:58:37,2018-06-18,256,248,0,0,0,0,0,0,0,0,2018-06-18 12:58:37
735,13:00:37,2018-06-18,256,248,0,0,0,0,0,0,0,0,2018-06-18 13:00:37
736,13:02:37,2018-06-18,256,248,0,0,0,0,0,0,0,0,2018-06-18 13:02:37
737,13:04:38,2018-06-18,256,248,0,0,0,0,0,0,0,0,2018-06-18 13:04:38
738,13:06:37,2018-06-18,256,248,0,0,0,0,0,0,0,0,2018-06-18 13:06:37
739,13:08:38,2018-06-18,256,248,0,0,0,0,0,0,0,0,2018-06-18 13:08:38
740,13:10:37,2018-06-18,256,248,0,0,0,0,0,0,0,0,2018-06-18 13:10:37
741,13:12:38,2018-06-18,256,248,0,0,0,0,0,0,0,0,2018-06-18 13:12:38
742,13:14:37,2018-06-18,256,248,0,0,0,0,0,0,0,0,2018-06-18 13:14:37
743,13:16:38,2018-06-18,256,248,0,0,0,0,0,0,0,0,2018-06-18 13:16:38
744,13:18:37,2018-06-18,256,248,0,0,0,0,0,0,0,0,2018-06-18 13:18:37
745,13:20:37,2018-06-18,256,248,0,0,0,0,0,0,0,0,2018-06-18 13:20:37
746,13:22:38,2018-06-18,256,248,0,0,0,0,0,0,0,0,2018-06-18 13:22:38
747,13:24:38,2018-06-18,256,248,0,0,0,0,0,0,0,0,2018-06-18 13:24:38
748,13:26:37,2018-06-18,256,248,0,0,0,0,0,0,0,0,2018-06-18 13:26:37
749,13:28:38,2018-06-18,256,248,0,0,0,0,0,0,0,0,2018-06-18 13:28:38
750,13:30:38,2018-06-18,256,248,0,0,0,0,0,0,0,0,2018-06-18 13:30:38
751,13:32:38,2018-06-18,256,248,0,0,0,0,0,0,0,0,2018-06-18 13:32:38
752,13:34:38,2018-06-18,256,248,0,0,0,0,0,0,0,0,2018-06-18 13:34:38
753,13:36:38,2018-06-18,256,248,0,0,0,0,0,0,0,0,2018-06-18 13:36:38
754,13:38:38,2018-06-18,256,248,0,0,0,0,0,0,0,0,2018-06-18 13:38:38
755,13:40:38,2018-06-18,256,248,0,0,0,0,0,0,0,0,2018-06-18 13:40:38
756,13:42:38,2018-06-18,256,248,0,0,0,0,0,0,0,0,2018-06-18 13:42:38
757,13:44:38,2018-06-18,256,248,0,0,0,0,0,0,0,0,2018-06-18 13:44:38
758,13:46:38,2018-06-18,256,248,0,0,0,0,0,0,0,0,2018-06-18 13:46:38
759,13:48:38,2018-06-18,256,248,0,0,0,0,0,0,0,0,2018-06-18 13:48:38
760,13:50:38,2018-06-18,256,248,0,0,0,0,0,0,0,0,2018-06-18 13:50:38
761,13:52:38,2018-06-18,256,248,0,0,0,0,0,0,0,0,2018-06-18 13:52:38
762,13:54:38,2018-06-18,256,248,0,0,0,0,0,0,0,0,2018-06-18 13:54:38
763,13:56:38,2018-06-18,256,248,0,0,0,0,0,0,0,0,2018-06-18 13:56:38
764,13:58:38,2018-06-18,256,248,0,0,0,0,0,0,0,0,2018-06-18 13:58:38
765,14:00:38,2018-06-18,256,248,0,0,0,0,0,0,0,0,2018-06-18 14:00:38
766,14:02:38,2018-06-18,256,248,0,0,0,0,0,0,0,0,2018-06-18 14:02:38
767,14:04:38,2018-06-18,256,248,0,0,0,0,0,0,0,0,2018-06-18 14:04:38
768,14:06:38,2018-06-18,256,248,0,0,0,0,0,0,0,0,2018-06-18 14:06:38
769,14:08:38,2018-06-18,256,248,0,0,0,0,0,0,0,0,2018-06-18 14:08:38
770,14:10:38,2018-06-18,256,248,0,0,0,0,0,0,0,0,2018-06-18 14:10:38
771,14:12:38,2018-06-18,256,248,0,0,0,0,0,0,0,0,2018-06-18 14:12:38
772,14:14:38,2018-06-18,256,248,0,0,0,0,0,0,0,0,2018-06-18 14:14:38
773,14:16:38,2018-06-18,256,248,0,0,0,0,0,0,0,0,2018-06-18 14:16:38
774,14:18:38,2018-06-18,256,248,0,0,0,0,0,0,0,0,2018-06-18 14:18:38
775,14:20:38,2018-06-18,256,248,0,0,0,0,0,0,0,0,2018-06-18 14:20:38
776,14:22:38,2018-06-18,256,248,0,0,0,0,0,0,0,0,2018-06-18 14:22:38
777,14:24:38,2018-06-18,256,248,0,0,0,0,0,0,0,0,2018-06-18 14:24:38
778,14:26:38,2018-06-18,256,248,0,0,0,0,0,0,0,0,2018-06-18 14:26:38
779,14:28:38,2018-06-18,256,248,0,0,0,0,0,0,0,0,2018-06-18 14:28:38
780,14:30:38,2018-06-18,256,248,0,0,0,0,0,0,0,0,2018-06-18 14:30:38
781,14:32:38,2018-06-18,256,248,0,0,0,0,0,0,0,0,2018-06-18 14:32:38
782,14:34:38,2018-06-18,256,248,0,0,0,0,0,0,0,0,2018-06-18 14:34:38
783,14:36:38,2018-06-18,256,248,0,0,0,0,0,0,0,0,2018-06-18 14:36:38
784,14:38:38,2018-06-18,256,248,0,0,0,0,0,0,0,0,2018-06-18 14:38:38
785,14:40:38,2018-06-18,256,248,0,0,0,0,0,0,0,0,2018-06-18 14:40:38
786,14:42:38,2018-06-18,256,248,0,0,0,0,0,0,0,0,2018-06-18 14:42:38
787,14:44:38,2018-06-18,256,248,0,0,0,0,0,0,0,0,2018-06-18 14:44:38
788,14:46:38,2018-06-18,257,248,0,0,0,0,0,0,0,0,2018-06-18 14:46:38
789,14:48:38,2018-06-18,256,248,0,0,0,0,0,0,0,0,2018-06-18 14:48:38
790,14:50:38,2018-06-18,257,249,0,0,0,0,0,0,0,0,2018-06-18 14:50:38
791,14:52:38,2018-06-18,257,248,0,0,0,0,0,0,0,0,2018-06-18 14:52:38
792,14:54:38,2018-06-18,257,248,0,0,0,0,0,0,0,0,2018-06-18 14:54:38
793,14:56:38,2018-06-18,257,249,0,0,0,0,0,0,0,0,2018-06-18 14:56:38
794,14:58:38,2018-06-18,257,249,0,0,0,0,0,0,0,0,2018-06-18 14:58:38
795,15:00:38,2018-06-18,257,249,0,0,0,0,0,0,0,0,2018-06-18 15:00:38
796,15:02:38,2018-06-18,256,249,0,0,0,0,0,0,0,0,2018-06-18 15:02:38
797,15:04:38,2018-06-18,256,248,0,0,0,0,0,0,0,0,2018-06-18 15:04:38
798,15:06:38,2018-06-18,256,248,0,0,0,0,0,0,0,0,2018-06-18 15:06:38
799,15:08:38,2018-06-18,256,249,0,0,0,0,0,0,0,0,2018-06-18 15:08:38
800,15:10:38,2018-06-18,257,249,0,0,0,0,0,0,0,0,2018-06-18 15:10:38
801,15:12:38,2018-06-18,257,249,0,0,0,0,0,0,0,0,2018-06-18 15:12:38
802,15:14:38,2018-06-18,257,249,0,0,0,0,0,0,0,0,2018-06-18 15:14:38
803,15:16:38,2018-06-18,257,248,0,0,0,0,0,0,0,0,2018-06-18 15:16:38
804,15:18:38,2018-06-18,256,248,0,0,0,0,0,0,0,0,2018-06-18 15:18:38
805,15:20:38,2018-06-18,256,248,0,0,0,0,0,0,0,0,2018-06-18 15:20:38
806,15:22:38,2018-06-18,256,248,0,0,0,0,0,0,0,0,2018-06-18 15:22:38
807,15:24:38,2018-06-18,256,248,0,0,0,0,0,0,0,0,2018-06-18 15:24:38
808,15:26:38,2018-06-18,256,248,0,0,0,0,0,0,0,0,2018-06-18 15:26:38
809,15:28:38,2018-06-18,256,248,0,0,0,0,0,0,0,0,2018-06-18 15:28:38
810,15:30:38,2018-06-18,256,248,0,0,0,0,0,0,0,0,2018-06-18 15:30:38
811,15:32:38,2018-06-18,256,248,0,0,0,0,0,0,0,0,2018-06-18 15:32:38
812,15:34:38,2018-06-18,256,248,0,0,0,0,0,0,0,0,2018-06-18 15:34:38
813,15:36:38,2018-06-18,256,248,0,0,0,0,0,0,0,0,2018-06-18 15:36:38
814,15:38:38,2018-06-18,256,248,0,0,0,0,0,0,0,0,2018-06-18 15:38:38
815,15:40:38,2018-06-18,256,248,0,0,0,0,0,0,0,0,2018-06-18 15:40:38
816,15:42:38,2018-06-18,256,248,0,0,0,0,0,0,0,0,2018-06-18 15:42:38
817,15:44:38,2018-06-18,256,248,0,0,0,0,0,0,0,0,2018-06-18 15:44:38
818,15:46:38,2018-06-18,256,248,0,0,0,0,0,0,0,0,2018-06-18 15:46:38
819,15:48:39,2018-06-18,256,248,0,0,0,0,0,0,0,0,2018-06-18 15:48:39
820,15:50:38,2018-06-18,256,248,0,0,0,0,0,0,0,0,2018-06-18 15:50:38
821,15:52:38,2018-06-18,256,248,0,0,0,0,0,0,0,0,2018-06-18 15:52:38
822,15:54:38,2018-06-18,256,248,0,0,0,0,0,0,0,0,2018-06-18 15:54:38
823,15:56:38,2018-06-18,256,248,0,0,0,0,0,0,0,0,2018-06-18 15:56:38
824,15:58:38,2018-06-18,256,248,0,0,0,0,0,0,0,0,2018-06-18 15:58:38
825,16:00:39,2018-06-18,256,248,0,0,0,0,0,0,0,0,2018-06-18 16:00:39
826,16:02:39,2018-06-18,256,248,0,0,0,0,0,0,0,0,2018-06-18 16:02:39
827,16:04:38,2018-06-18,256,248,0,0,0,0,0,0,0,0,2018-06-18 16:04:38
828,16:06:39,2018-06-18,256,248,0,0,0,0,0,0,0,0,2018-06-18 16:06:39
829,16:08:38,2018-06-18,256,248,0,0,0,0,0,0,0,0,2018-06-18 16:08:38
830,16:10:39,2018-06-18,256,248,0,0,0,0,0,0,0,0,2018-06-18 16:10:39
831,16:12:39,2018-06-18,256,248,0,0,0,0,0,0,0,0,2018-06-18 16:12:39
832,16:14:39,2018-06-18,256,248,0,0,0,0,0,0,0,0,2018-06-18 16:14:39
833,16:16:38,2018-06-18,256,248,0,0,0,0,0,0,0,0,2018-06-18 16:16:38
834,16:18:39,2018-06-18,256,248,0,0,0,0,0,0,0,0,2018-06-18 16:18:39
835,16:20:39,2018-06-18,256,248,0,0,0,0,0,0,0,0,2018-06-18 16:20:39
836,16:22:39,2018-06-18,256,248,0,0,0,0,0,0,0,0,2018-06-18 16:22:39
837,16:24:38,2018-06-18,256,248,0,0,0,0,0,0,0,0,2018-06-18 16:24:38
838,16:26:38,2018-06-18,256,248,0,0,0,0,0,0,0,0,2018-06-18 16:26:38
839,16:28:39,2018-06-18,256,248,0,0,0,0,0,0,0,0,2018-06-18 16:28:39
840,16:30:39,2018-06-18,256,248,0,0,0,0,0,0,0,0,2018-06-18 16:30:39
841,16:32:39,2018-06-18,256,248,0,0,0,0,0,0,0,0,2018-06-18 16:32:39
842,16:34:39,2018-06-18,256,248,0,0,0,0,0,0,0,0,2018-06-18 16:34:39
843,16:36:39,2018-06-18,256,248,0,0,0,0,0,0,0,0,2018-06-18 16:36:39
844,16:38:39,2018-06-18,256,248,0,0,0,0,0,0,0,0,2018-06-18 16:38:39
845,16:40:39,2018-06-18,256,248,0,0,0,0,0,0,0,0,2018-06-18 16:40:39
846,16:42:39,2018-06-18,256,248,0,0,0,0,0,0,0,0,2018-06-18 16:42:39
847,16:44:39,2018-06-18,255,248,0,0,0,0,0,0,0,0,2018-06-18 16:44:39
848,16:46:39,2018-06-18,256,248,0,0,0,0,0,0,0,0,2018-06-18 16:46:39
849,16:48:39,2018-06-18,256,248,0,0,0,0,0,0,0,0,2018-06-18 16:48:39
850,16:50:39,2018-06-18,255,248,0,0,0,0,0,0,0,0,2018-06-18 16:50:39
851,16:52:39,2018-06-18,256,248,0,0,0,0,0,0,0,0,2018-06-18 16:52:39
852,16:54:39,2018-06-18,255,248,0,0,0,0,0,0,0,0,2018-06-18 16:54:39
853,16:56:39,2018-06-18,255,248,0,0,0,0,0,0,0,0,2018-06-18 16:56:39
854,16:58:39,2018-06-18,255,247,0,0,0,0,0,0,0,0,2018-06-18 16:58:39
855,17:00:39,2018-06-18,255,248,0,0,0,0,0,0,0,0,2018-06-18 17:00:39
856,17:02:39,2018-06-18,255,247,0,0,0,0,0,0,0,0,2018-06-18 17:02:39
857,17:04:39,2018-06-18,255,247,0,0,0,0,0,0,0,0,2018-06-18 17:04:39
858,17:06:39,2018-06-18,255,247,0,0,0,0,0,0,0,0,2018-06-18 17:06:39
859,17:08:39,2018-06-18,255,247,0,0,0,0,0,0,0,0,2018-06-18 17:08:39
860,17:10:39,2018-06-18,255,247,0,0,0,0,0,0,0,0,2018-06-18 17:10:39
861,17:12:39,2018-06-18,255,247,0,0,0,0,0,0,0,0,2018-06-18 17:12:39
862,17:14:39,2018-06-18,255,247,0,0,0,0,0,0,0,0,2018-06-18 17:14:39
863,17:16:39,2018-06-18,255,247,0,0,0,0,0,0,0,0,2018-06-18 17:16:39
864,17:18:39,2018-06-18,255,247,0,0,0,0,0,0,0,0,2018-06-18 17:18:39
865,17:20:39,2018-06-18,255,247,0,0,0,0,0,0,0,0,2018-06-18 17:20:39
866,17:22:39,2018-06-18,255,247,0,0,0,0,0,0,0,0,2018-06-18 17:22:39
867,17:24:39,2018-06-18,255,247,0,0,0,0,0,0,0,0,2018-06-18 17:24:39
868,17:26:39,2018-06-18,255,247,0,0,0,0,0,0,0,0,2018-06-18 17:26:39
869,17:28:39,2018-06-18,255,247,0,0,0,0,0,0,0,0,2018-06-18 17:28:39
870,17:30:39,2018-06-18,255,247,0,0,0,0,0,0,0,0,2018-06-18 17:30:39
871,17:32:39,2018-06-18,255,247,0,0,0,0,0,0,0,0,2018-06-18 17:32:39
872,17:34:39,2018-06-18,255,247,0,0,0,0,0,0,0,0,2018-06-18 17:34:39
873,17:36:39,2018-06-18,255,247,0,0,0,0,0,0,0,0,2018-06-18 17:36:39
874,17:38:39,2018-06-18,255,247,0,0,0,0,0,0,0,0,2018-06-18 17:38:39
875,17:40:39,2018-06-18,255,247,0,0,0,0,0,0,0,0,2018-06-18 17:40:39
876,17:42:39,2018-06-18,255,247,0,0,0,0,0,0,0,0,2018-06-18 17:42:39
877,17:44:39,2018-06-18,255,247,0,0,0,0,0,0,0,0,2018-06-18 17:44:39
878,17:46:39,2018-06-18,255,247,0,0,0,0,0,0,0,0,2018-06-18 17:46:39
879,17:48:39,2018-06-18,255,247,0,0,0,0,0,0,0,0,2018-06-18 17:48:39
880,17:50:39,2018-06-18,255,247,0,0,0,0,0,0,0,0,2018-06-18 17:50:39
881,17:52:39,2018-06-18,255,247,0,0,0,0,0,0,0,0,2018-06-18 17:52:39
882,17:54:39,2018-06-18,255,247,0,0,0,0,0,0,0,0,2018-06-18 17:54:39
883,17:56:39,2018-06-18,255,247,0,0,0,0,0,0,0,0,2018-06-18 17:56:39
884,17:58:39,2018-06-18,255,247,0,0,0,0,0,0,0,0,2018-06-18 17:58:39
885,18:00:39,2018-06-18,255,247,0,0,0,0,0,0,0,0,2018-06-18 18:00:39
886,18:02:39,2018-06-18,255,247,0,0,0,0,0,0,0,0,2018-06-18 18:02:39
887,18:04:39,2018-06-18,255,247,0,0,0,0,0,0,0,0,2018-06-18 18:04:39
888,18:06:39,2018-06-18,255,247,0,0,0,0,0,0,0,0,2018-06-18 18:06:39
889,18:08:39,2018-06-18,255,247,0,0,0,0,0,0,0,0,2018-06-18 18:08:39
890,18:10:39,2018-06-18,255,247,0,0,0,0,0,0,0,0,2018-06-18 18:10:39
891,18:12:39,2018-06-18,255,247,0,0,0,0,0,0,0,0,2018-06-18 18:12:39
892,18:14:39,2018-06-18,255,247,0,0,0,0,0,0,0,0,2018-06-18 18:14:39
893,18:16:39,2018-06-18,255,247,0,0,0,0,0,0,0,0,2018-06-18 18:16:39
894,18:18:39,2018-06-18,255,247,0,0,0,0,0,0,0,0,2018-06-18 18:18:39
895,18:20:39,2018-06-18,255,247,0,0,0,0,0,0,0,0,2018-06-18 18:20:39
896,18:22:39,2018-06-18,255,247,0,0,0,0,0,0,0,0,2018-06-18 18:22:39
897,18:24:39,2018-06-18,255,247,0,0,0,0,0,0,0,0,2018-06-18 18:24:39
898,18:26:39,2018-06-18,255,247,0,0,0,0,0,0,0,0,2018-06-18 18:26:39
899,18:28:39,2018-06-18,255,247,0,0,0,0,0,0,0,0,2018-06-18 18:28:39
900,18:30:39,2018-06-18,255,247,0,0,0,0,0,0,0,0,2018-06-18 18:30:39
901,18:32:39,2018-06-18,255,247,0,0,0,0,0,0,0,0,2018-06-18 18:32:39
902,18:34:39,2018-06-18,255,247,0,0,0,0,0,0,0,0,2018-06-18 18:34:39
903,18:36:40,2018-06-18,255,247,0,0,0,0,0,0,0,0,2018-06-18 18:36:40
904,18:38:40,2018-06-18,255,247,0,0,0,0,0,0,0,0,2018-06-18 18:38:40
905,18:40:39,2018-06-18,255,247,0,0,0,0,0,0,0,0,2018-06-18 18:40:39
906,18:42:39,2018-06-18,255,247,0,0,0,0,0,0,0,0,2018-06-18 18:42:39
907,18:44:39,2018-06-18,255,247,0,0,0,0,0,0,0,0,2018-06-18 18:44:39
908,18:46:39,2018-06-18,255,247,0,0,0,0,0,0,0,0,2018-06-18 18:46:39
909,18:48:39,2018-06-18,255,247,0,0,0,0,0,0,0,0,2018-06-18 18:48:39
910,18:50:39,2018-06-18,255,247,0,0,0,0,0,0,0,0,2018-06-18 18:50:39
911,18:52:40,2018-06-18,255,247,0,0,0,0,0,0,0,0,2018-06-18 18:52:40
912,18:54:39,2018-06-18,255,247,0,0,0,0,0,0,0,0,2018-06-18 18:54:39
913,18:56:39,2018-06-18,255,247,0,0,0,0,0,0,0,0,2018-06-18 18:56:39
914,18:58:39,2018-06-18,255,247,0,0,0,0,0,0,0,0,2018-06-18 18:58:39
915,19:00:39,2018-06-18,255,247,0,0,0,0,0,0,0,0,2018-06-18 19:00:39
916,19:02:39,2018-06-18,255,247,0,0,0,0,0,0,0,0,2018-06-18 19:02:39
917,19:04:39,2018-06-18,255,247,0,0,0,0,0,0,0,0,2018-06-18 19:04:39
918,19:06:39,2018-06-18,255,247,0,0,0,0,0,0,0,0,2018-06-18 19:06:39
919,19:08:39,2018-06-18,255,247,0,0,0,0,0,0,0,0,2018-06-18 19:08:39
920,19:10:39,2018-06-18,255,247,0,0,0,0,0,0,0,0,2018-06-18 19:10:39
921,19:12:40,2018-06-18,255,247,0,0,0,0,0,0,0,0,2018-06-18 19:12:40
922,19:14:39,2018-06-18,255,247,0,0,0,0,0,0,0,0,2018-06-18 19:14:39
923,19:16:39,2018-06-18,255,247,0,0,0,0,0,0,0,0,2018-06-18 19:16:39
924,19:18:40,2018-06-18,255,247,0,0,0,0,0,0,0,0,2018-06-18 19:18:40
925,19:20:40,2018-06-18,255,247,0,0,0,0,0,0,0,0,2018-06-18 19:20:40
926,19:22:39,2018-06-18,255,247,0,0,0,0,0,0,0,0,2018-06-18 19:22:39
927,19:24:39,2018-06-18,255,247,0,0,0,0,0,0,0,0,2018-06-18 19:24:39
928,19:26:39,2018-06-18,254,246,0,0,0,0,0,0,0,0,2018-06-18 19:26:39
929,19:28:40,2018-06-18,254,247,0,0,0,0,0,0,0,0,2018-06-18 19:28:40
930,19:30:39,2018-06-18,254,247,0,0,0,0,0,0,0,0,2018-06-18 19:30:39
931,19:32:39,2018-06-18,254,247,0,0,0,0,0,0,0,0,2018-06-18 19:32:39
932,19:34:40,2018-06-18,254,247,0,0,0,0,0,0,0,0,2018-06-18 19:34:40
933,19:36:40,2018-06-18,254,247,0,0,0,0,0,0,0,0,2018-06-18 19:36:40
934,19:38:40,2018-06-18,254,246,0,0,0,0,0,0,0,0,2018-06-18 19:38:40
935,19:40:39,2018-06-18,254,246,0,0,0,0,0,0,0,0,2018-06-18 19:40:39
936,19:42:40,2018-06-18,254,246,0,0,0,0,0,0,0,0,2018-06-18 19:42:40
937,19:44:40,2018-06-18,254,246,0,0,0,0,0,0,0,0,2018-06-18 19:44:40
938,19:46:39,2018-06-18,254,246,0,0,0,0,0,0,0,0,2018-06-18 19:46:39
939,19:48:40,2018-06-18,254,246,0,0,0,0,0,0,0,0,2018-06-18 19:48:40
940,19:50:40,2018-06-18,254,246,0,0,0,0,0,0,0,0,2018-06-18 19:50:40
941,19:52:40,2018-06-18,254,246,0,0,0,0,0,0,0,0,2018-06-18 19:52:40
942,19:54:40,2018-06-18,254,246,0,0,0,0,0,0,0,0,2018-06-18 19:54:40
943,19:56:40,2018-06-18,254,246,0,0,0,0,0,0,0,0,2018-06-18 19:56:40
944,19:58:40,2018-06-18,254,246,0,0,0,0,0,0,0,0,2018-06-18 19:58:40
945,20:00:40,2018-06-18,254,246,0,0,0,0,0,0,0,0,2018-06-18 20:00:40
946,20:02:40,2018-06-18,254,246,0,0,0,0,0,0,0,0,2018-06-18 20:02:40
947,20:04:40,2018-06-18,254,246,0,0,0,0,0,0,0,0,2018-06-18 20:04:40
948,20:06:40,2018-06-18,254,246,0,0,0,0,0,0,0,0,2018-06-18 20:06:40
949,20:08:40,2018-06-18,254,246,0,0,0,0,0,0,0,0,2018-06-18 20:08:40
950,20:10:40,2018-06-18,254,246,0,0,0,0,0,0,0,0,2018-06-18 20:10:40
951,20:12:40,2018-06-18,254,246,0,0,0,0,0,0,0,0,2018-06-18 20:12:40
952,20:14:40,2018-06-18,254,246,0,0,0,0,0,0,0,0,2018-06-18 20:14:40
953,20:16:40,2018-06-18,254,246,0,0,0,0,0,0,0,0,2018-06-18 20:16:40
954,20:18:40,2018-06-18,254,246,0,0,0,0,0,0,0,0,2018-06-18 20:18:40
955,20:20:40,2018-06-18,254,246,0,0,0,0,0,0,0,0,2018-06-18 20:20:40
956,20:22:40,2018-06-18,254,246,0,0,0,0,0,0,0,0,2018-06-18 20:22:40
957,20:24:40,2018-06-18,254,246,0,0,0,0,0,0,0,0,2018-06-18 20:24:40
958,20:26:40,2018-06-18,254,246,0,0,0,0,0,0,0,0,2018-06-18 20:26:40
959,20:28:40,2018-06-18,254,246,0,0,0,0,0,0,0,0,2018-06-18 20:28:40
960,20:30:40,2018-06-18,254,246,0,0,0,0,0,0,0,0,2018-06-18 20:30:40
961,20:32:40,2018-06-18,254,246,0,0,0,0,0,0,0,0,2018-06-18 20:32:40
962,20:34:40,2018-06-18,254,246,0,0,0,0,0,0,0,0,2018-06-18 20:34:40
963,20:36:40,2018-06-18,254,246,0,0,0,0,0,0,0,0,2018-06-18 20:36:40
964,20:38:40,2018-06-18,254,246,0,0,0,0,0,0,0,0,2018-06-18 20:38:40
965,20:40:40,2018-06-18,254,246,0,0,0,0,0,0,0,0,2018-06-18 20:40:40
966,20:42:40,2018-06-18,254,246,0,0,0,0,0,0,0,0,2018-06-18 20:42:40
967,20:44:40,2018-06-18,254,246,0,0,0,0,0,0,0,0,2018-06-18 20:44:40
968,20:46:40,2018-06-18,254,246,0,0,0,0,0,0,0,0,2018-06-18 20:46:40
969,20:48:40,2018-06-18,254,246,0,0,0,0,0,0,0,0,2018-06-18 20:48:40
970,20:50:40,2018-06-18,254,246,0,0,0,0,0,0,0,0,2018-06-18 20:50:40
971,20:52:40,2018-06-18,254,246,0,0,0,0,0,0,0,0,2018-06-18 20:52:40
972,20:54:40,2018-06-18,254,246,0,0,0,0,0,0,0,0,2018-06-18 20:54:40
973,20:56:40,2018-06-18,254,246,0,0,0,0,0,0,0,0,2018-06-18 20:56:40
974,20:58:40,2018-06-18,254,246,0,0,0,0,0,0,0,0,2018-06-18 20:58:40
975,21:00:40,2018-06-18,254,246,0,0,0,0,0,0,0,0,2018-06-18 21:00:40
976,21:02:40,2018-06-18,254,246,0,0,0,0,0,0,0,0,2018-06-18 21:02:40
977,21:04:40,2018-06-18,254,246,0,0,0,0,0,0,0,0,2018-06-18 21:04:40
978,21:06:40,2018-06-18,254,246,0,0,0,0,0,0,0,0,2018-06-18 21:06:40
979,21:08:40,2018-06-18,254,246,0,0,0,0,0,0,0,0,2018-06-18 21:08:40
980,21:10:40,2018-06-18,254,246,0,0,0,0,0,0,0,0,2018-06-18 21:10:40
981,21:12:40,2018-06-18,254,246,0,0,0,0,0,0,0,0,2018-06-18 21:12:40
982,21:14:40,2018-06-18,254,246,0,0,0,0,0,0,0,0,2018-06-18 21:14:40
983,21:16:40,2018-06-18,254,246,0,0,0,0,0,0,0,0,2018-06-18 21:16:40
984,21:18:40,2018-06-18,254,246,0,0,0,0,0,0,0,0,2018-06-18 21:18:40
985,21:20:40,2018-06-18,254,246,0,0,0,0,0,0,0,0,2018-06-18 21:20:40
986,21:22:40,2018-06-18,254,246,0,0,0,0,0,0,0,0,2018-06-18 21:22:40
987,21:24:40,2018-06-18,254,246,0,0,0,0,0,0,0,0,2018-06-18 21:24:40
988,21:26:40,2018-06-18,254,246,0,0,0,0,0,0,0,0,2018-06-18 21:26:40
989,21:28:40,2018-06-18,254,246,0,0,0,0,0,0,0,0,2018-06-18 21:28:40
990,21:30:40,2018-06-18,254,246,0,0,0,0,0,0,0,0,2018-06-18 21:30:40
991,21:32:40,2018-06-18,254,246,0,0,0,0,0,0,0,0,2018-06-18 21:32:40
992,21:34:40,2018-06-18,254,246,0,0,0,0,0,0,0,0,2018-06-18 21:34:40
993,21:36:40,2018-06-18,253,246,0,0,0,0,0,0,0,0,2018-06-18 21:36:40
994,21:38:40,2018-06-18,253,246,0,0,0,0,0,0,0,0,2018-06-18 21:38:40
995,21:40:40,2018-06-18,254,246,0,0,0,0,0,0,0,0,2018-06-18 21:40:40
996,21:42:40,2018-06-18,253,246,0,0,0,0,0,0,0,0,2018-06-18 21:42:40
997,21:44:40,2018-06-18,253,246,0,0,0,0,0,0,0,0,2018-06-18 21:44:40
998,21:46:40,2018-06-18,254,245,0,0,0,0,0,0,0,0,2018-06-18 21:46:40
999,21:48:40,2018-06-18,253,246,0,0,0,0,0,0,0,0,2018-06-18 21:48:40
1000,21:50:40,2018-06-18,253,246,0,0,0,0,0,0,0,0,2018-06-18 21:50:40
1001,21:52:40,2018-06-18,253,246,0,0,0,0,0,0,0,0,2018-06-18 21:52:40
1002,21:54:40,2018-06-18,253,246,0,0,0,0,0,0,0,0,2018-06-18 21:54:40
1003,21:56:40,2018-06-18,253,245,0,0,0,0,0,0,0,0,2018-06-18 21:56:40
1004,21:58:40,2018-06-18,253,246,0,0,0,0,0,0,0,0,2018-06-18 21:58:40
1005,22:00:40,2018-06-18,253,245,0,0,0,0,0,0,0,0,2018-06-18 22:00:40
1006,22:02:40,2018-06-18,253,245,0,0,0,0,0,0,0,0,2018-06-18 22:02:40
1007,22:04:40,2018-06-18,253,245,0,0,0,0,0,0,0,0,2018-06-18 22:04:40
1008,22:06:40,2018-06-18,253,245,0,0,0,0,0,0,0,0,2018-06-18 22:06:40
1009,22:08:40,2018-06-18,253,245,0,0,0,0,0,0,0,0,2018-06-18 22:08:40
1010,22:10:41,2018-06-18,253,245,0,0,0,0,0,0,0,0,2018-06-18 22:10:41
1011,22:12:40,2018-06-18,253,245,0,0,0,0,0,0,0,0,2018-06-18 22:12:40
1012,22:14:40,2018-06-18,253,245,0,0,0,0,0,0,0,0,2018-06-18 22:14:40
1013,22:16:40,2018-06-18,253,245,0,0,0,0,0,0,0,0,2018-06-18 22:16:40
1014,22:18:41,2018-06-18,253,245,0,0,0,0,0,0,0,0,2018-06-18 22:18:41
1015,22:20:41,2018-06-18,253,245,0,0,0,0,0,0,0,0,2018-06-18 22:20:41
1016,22:22:41,2018-06-18,253,245,0,0,0,0,0,0,0,0,2018-06-18 22:22:41
1017,22:24:40,2018-06-18,253,245,0,0,0,0,0,0,0,0,2018-06-18 22:24:40
1018,22:26:40,2018-06-18,253,245,0,0,0,0,0,0,0,0,2018-06-18 22:26:40
1019,22:28:41,2018-06-18,253,245,0,0,0,0,0,0,0,0,2018-06-18 22:28:41
1020,22:30:41,2018-06-18,253,245,0,0,0,0,0,0,0,0,2018-06-18 22:30:41
1021,22:32:40,2018-06-18,253,245,0,0,0,0,0,0,0,0,2018-06-18 22:32:40
1022,22:34:41,2018-06-18,253,245,0,0,0,0,0,0,0,0,2018-06-18 22:34:41
1023,22:36:41,2018-06-18,253,245,0,0,0,0,0,0,0,0,2018-06-18 22:36:41
1024,22:38:41,2018-06-18,253,245,0,0,0,0,0,0,0,0,2018-06-18 22:38:41
1025,22:40:41,2018-06-18,253,245,0,0,0,0,0,0,0,0,2018-06-18 22:40:41
1026,22:42:40,2018-06-18,253,245,0,0,0,0,0,0,0,0,2018-06-18 22:42:40
1027,22:44:41,2018-06-18,253,245,0,0,0,0,0,0,0,0,2018-06-18 22:44:41
1028,22:46:41,2018-06-18,253,245,0,0,0,0,0,0,0,0,2018-06-18 22:46:41
1029,22:48:41,2018-06-18,253,245,0,0,0,0,0,0,0,0,2018-06-18 22:48:41
1030,22:50:41,2018-06-18,253,245,0,0,0,0,0,0,0,0,2018-06-18 22:50:41
1031,22:52:41,2018-06-18,253,245,0,0,0,0,0,0,0,0,2018-06-18 22:52:41
1032,22:54:41,2018-06-18,253,245,0,0,0,0,0,0,0,0,2018-06-18 22:54:41
1033,22:56:41,2018-06-18,253,245,0,0,0,0,0,0,0,0,2018-06-18 22:56:41
1034,22:58:41,2018-06-18,252,245,0,0,0,0,0,0,0,0,2018-06-18 22:58:41
1035,23:00:41,2018-06-18,252,245,0,0,0,0,0,0,0,0,2018-06-18 23:00:41
1036,23:02:41,2018-06-18,252,245,0,0,0,0,0,0,0,0,2018-06-18 23:02:41
1037,23:04:41,2018-06-18,252,245,0,0,0,0,0,0,0,0,2018-06-18 23:04:41
1038,23:06:41,2018-06-18,252,245,0,0,0,0,0,0,0,0,2018-06-18 23:06:41
1039,23:08:41,2018-06-18,252,245,0,0,0,0,0,0,0,0,2018-06-18 23:08:41
1040,23:10:41,2018-06-18,252,245,0,0,0,0,0,0,0,0,2018-06-18 23:10:41
1041,23:12:41,2018-06-18,252,245,0,0,0,0,0,0,0,0,2018-06-18 23:12:41
1042,23:14:41,2018-06-18,252,244,0,0,0,0,0,0,0,0,2018-06-18 23:14:41
1043,23:16:41,2018-06-18,252,245,0,0,0,0,0,0,0,0,2018-06-18 23:16:41
1044,23:18:41,2018-06-18,252,244,0,0,0,0,0,0,0,0,2018-06-18 23:18:41
1045,23:20:41,2018-06-18,252,244,0,0,0,0,0,0,0,0,2018-06-18 23:20:41
1046,23:22:41,2018-06-18,252,244,0,0,0,0,0,0,0,0,2018-06-18 23:22:41
1047,23:24:41,2018-06-18,252,244,0,0,0,0,0,0,0,0,2018-06-18 23:24:41
1048,23:26:41,2018-06-18,252,244,0,0,0,0,0,0,0,0,2018-06-18 23:26:41
1049,23:28:41,2018-06-18,252,244,0,0,0,0,0,0,0,0,2018-06-18 23:28:41
1050,23:30:41,2018-06-18,252,244,0,0,0,0,0,0,0,0,2018-06-18 23:30:41
1051,23:32:41,2018-06-18,252,244,0,0,0,0,0,0,0,0,2018-06-18 23:32:41
1052,23:34:41,2018-06-18,252,244,0,0,0,0,0,0,0,0,2018-06-18 23:34:41
1053,23:36:41,2018-06-18,252,244,0,0,0,0,0,0,0,0,2018-06-18 23:36:41
1054,23:38:41,2018-06-18,252,244,0,0,0,0,0,0,0,0,2018-06-18 23:38:41
1055,23:40:41,2018-06-18,252,244,0,0,0,0,0,0,0,0,2018-06-18 23:40:41
1056,23:42:41,2018-06-18,252,244,0,0,0,0,0,0,0,0,2018-06-18 23:42:41
1057,23:44:41,2018-06-18,252,244,0,0,0,0,0,0,0,0,2018-06-18 23:44:41
1058,23:46:41,2018-06-18,252,244,0,0,0,0,0,0,0,0,2018-06-18 23:46:41
1059,23:48:41,2018-06-18,252,244,0,0,0,0,0,0,0,0,2018-06-18 23:48:41
1060,23:50:41,2018-06-18,252,244,0,0,0,0,0,0,0,0,2018-06-18 23:50:41
1061,23:52:41,2018-06-18,252,244,0,0,0,0,0,0,0,0,2018-06-18 23:52:41
1062,23:54:41,2018-06-18,252,244,0,0,0,0,0,0,0,0,2018-06-18 23:54:41
1063,23:56:41,2018-06-18,252,244,0,0,0,0,0,0,0,0,2018-06-18 23:56:41
1064,23:58:41,2018-06-18,252,244,0,0,0,0,0,0,0,0,2018-06-18 23:58:41
0,00:00:41,2018-06-19,252,244,0,0,0,0,0,0,0,0,2018-06-19 00:00:41
1,00:02:41,2018-06-19,252,244,0,0,0,0,0,0,0,0,2018-06-19 00:02:41
2,00:04:41,2018-06-19,252,244,0,0,0,0,0,0,0,0,2018-06-19 00:04:41
3,00:06:41,2018-06-19,252,244,0,0,0,0,0,0,0,0,2018-06-19 00:06:41
4,00:08:41,2018-06-19,252,244,0,0,0,0,0,0,0,0,2018-06-19 00:08:41
5,00:10:41,2018-06-19,251,244,0,0,0,0,0,0,0,0,2018-06-19 00:10:41
6,00:12:41,2018-06-19,252,244,0,0,0,0,0,0,0,0,2018-06-19 00:12:41
7,00:14:41,2018-06-19,252,244,0,0,0,0,0,0,0,0,2018-06-19 00:14:41
8,00:16:41,2018-06-19,252,244,0,0,0,0,0,0,0,0,2018-06-19 00:16:41
9,00:18:41,2018-06-19,252,244,0,0,0,0,0,0,0,0,2018-06-19 00:18:41
10,00:20:41,2018-06-19,251,244,0,0,0,0,0,0,0,0,2018-06-19 00:20:41
11,00:22:41,2018-06-19,251,244,0,0,0,0,0,0,0,0,2018-06-19 00:22:41
12,00:24:41,2018-06-19,251,244,0,0,0,0,0,0,0,0,2018-06-19 00:24:41
13,00:26:41,2018-06-19,251,244,0,0,0,0,0,0,0,0,2018-06-19 00:26:41
14,00:28:41,2018-06-19,251,244,0,0,0,0,0,0,0,0,2018-06-19 00:28:41
15,00:30:41,2018-06-19,251,244,0,0,0,0,0,0,0,0,2018-06-19 00:30:41
16,00:32:41,2018-06-19,251,244,0,0,0,0,0,0,0,0,2018-06-19 00:32:41
17,00:34:41,2018-06-19,251,243,0,0,0,0,0,0,0,0,2018-06-19 00:34:41
18,00:36:41,2018-06-19,251,243,0,0,0,0,0,0,0,0,2018-06-19 00:36:41
19,00:38:41,2018-06-19,251,244,0,0,0,0,0,0,0,0,2018-06-19 00:38:41
20,00:40:41,2018-06-19,251,243,0,0,0,0,0,0,0,0,2018-06-19 00:40:41
21,00:42:41,2018-06-19,251,243,0,0,0,0,0,0,0,0,2018-06-19 00:42:41
22,00:44:41,2018-06-19,251,243,0,0,0,0,0,0,0,0,2018-06-19 00:44:41
23,00:46:41,2018-06-19,251,243,0,0,0,0,0,0,0,0,2018-06-19 00:46:41
24,00:48:41,2018-06-19,251,243,0,0,0,0,0,0,0,0,2018-06-19 00:48:41
25,00:50:41,2018-06-19,251,243,0,0,0,0,0,0,0,0,2018-06-19 00:50:41
26,00:52:41,2018-06-19,251,243,0,0,0,0,0,0,0,0,2018-06-19 00:52:41
27,00:54:41,2018-06-19,251,243,0,0,0,0,0,0,0,0,2018-06-19 00:54:41
28,00:56:41,2018-06-19,251,243,0,0,0,0,0,0,0,0,2018-06-19 00:56:41
29,00:58:41,2018-06-19,251,243,0,0,0,0,0,0,0,0,2018-06-19 00:58:41
30,01:00:41,2018-06-19,251,243,0,0,0,0,0,0,0,0,2018-06-19 01:00:41
31,01:02:41,2018-06-19,251,243,0,0,0,0,0,0,0,0,2018-06-19 01:02:41
32,01:04:41,2018-06-19,251,243,0,0,0,0,0,0,0,0,2018-06-19 01:04:41
33,01:06:42,2018-06-19,251,243,0,0,0,0,0,0,0,0,2018-06-19 01:06:42
34,01:08:41,2018-06-19,251,243,0,0,0,0,0,0,0,0,2018-06-19 01:08:41
35,01:10:41,2018-06-19,251,243,0,0,0,0,0,0,0,0,2018-06-19 01:10:41
36,01:12:41,2018-06-19,251,243,0,0,0,0,0,0,0,0,2018-06-19 01:12:41
37,01:14:41,2018-06-19,251,243,0,0,0,0,0,0,0,0,2018-06-19 01:14:41
38,01:16:41,2018-06-19,251,243,0,0,0,0,0,0,0,0,2018-06-19 01:16:41
39,01:18:41,2018-06-19,251,243,0,0,0,0,0,0,0,0,2018-06-19 01:18:41
40,01:20:42,2018-06-19,251,243,0,0,0,0,0,0,0,0,2018-06-19 01:20:42
41,01:22:41,2018-06-19,251,243,0,0,0,0,0,0,0,0,2018-06-19 01:22:41
42,01:24:41,2018-06-19,251,243,0,0,0,0,0,0,0,0,2018-06-19 01:24:41
43,01:26:42,2018-06-19,251,243,0,0,0,0,0,0,0,0,2018-06-19 01:26:42
44,01:28:42,2018-06-19,251,243,0,0,0,0,0,0,0,0,2018-06-19 01:28:42
45,01:30:41,2018-06-19,251,243,0,0,0,0,0,0,0,0,2018-06-19 01:30:41
46,01:32:41,2018-06-19,251,243,0,0,0,0,0,0,0,0,2018-06-19 01:32:41
47,01:34:42,2018-06-19,251,243,0,0,0,0,0,0,0,0,2018-06-19 01:34:42
48,01:36:41,2018-06-19,251,243,0,0,0,0,0,0,0,0,2018-06-19 01:36:41
49,01:38:42,2018-06-19,251,243,0,0,0,0,0,0,0,0,2018-06-19 01:38:42
50,01:40:42,2018-06-19,251,243,0,0,0,0,0,0,0,0,2018-06-19 01:40:42
51,01:42:42,2018-06-19,251,243,0,0,0,0,0,0,0,0,2018-06-19 01:42:42
52,01:44:41,2018-06-19,251,243,0,0,0,0,0,0,0,0,2018-06-19 01:44:41
53,01:46:42,2018-06-19,251,243,0,0,0,0,0,0,0,0,2018-06-19 01:46:42
54,01:48:42,2018-06-19,251,243,0,0,0,0,0,0,0,0,2018-06-19 01:48:42
55,01:50:42,2018-06-19,250,243,0,0,0,0,0,0,0,0,2018-06-19 01:50:42
56,01:52:41,2018-06-19,250,243,0,0,0,0,0,0,0,0,2018-06-19 01:52:41
57,01:54:42,2018-06-19,250,243,0,0,0,0,0,0,0,0,2018-06-19 01:54:42
58,01:56:42,2018-06-19,250,243,0,0,0,0,0,0,0,0,2018-06-19 01:56:42
59,01:58:42,2018-06-19,250,243,0,0,0,0,0,0,0,0,2018-06-19 01:58:42
60,02:00:42,2018-06-19,250,243,0,0,0,0,0,0,0,0,2018-06-19 02:00:42
61,02:02:42,2018-06-19,250,243,0,0,0,0,0,0,0,0,2018-06-19 02:02:42
62,02:04:42,2018-06-19,250,243,0,0,0,0,0,0,0,0,2018-06-19 02:04:42
63,02:06:42,2018-06-19,250,243,0,0,0,0,0,0,0,0,2018-06-19 02:06:42
64,02:08:42,2018-06-19,250,243,0,0,0,0,0,0,0,0,2018-06-19 02:08:42
65,02:10:42,2018-06-19,250,242,0,0,0,0,0,0,0,0,2018-06-19 02:10:42
66,02:12:42,2018-06-19,250,242,0,0,0,0,0,0,0,0,2018-06-19 02:12:42
67,02:14:42,2018-06-19,250,242,0,0,0,0,0,0,0,0,2018-06-19 02:14:42
68,02:16:42,2018-06-19,250,242,0,0,0,0,0,0,0,0,2018-06-19 02:16:42
69,02:18:42,2018-06-19,250,242,0,0,0,0,0,0,0,0,2018-06-19 02:18:42
70,02:20:42,2018-06-19,250,242,0,0,0,0,0,0,0,0,2018-06-19 02:20:42
71,02:22:42,2018-06-19,250,242,0,0,0,0,0,0,0,0,2018-06-19 02:22:42
72,02:24:42,2018-06-19,250,242,0,0,0,0,0,0,0,0,2018-06-19 02:24:42
73,02:26:42,2018-06-19,250,242,0,0,0,0,0,0,0,0,2018-06-19 02:26:42
74,02:28:42,2018-06-19,250,242,0,0,0,0,0,0,0,0,2018-06-19 02:28:42
75,02:30:42,2018-06-19,250,242,0,0,0,0,0,0,0,0,2018-06-19 02:30:42
76,02:32:42,2018-06-19,250,242,0,0,0,0,0,0,0,0,2018-06-19 02:32:42
77,02:34:42,2018-06-19,250,242,0,0,0,0,0,0,0,0,2018-06-19 02:34:42
78,02:36:42,2018-06-19,250,242,0,0,0,0,0,0,0,0,2018-06-19 02:36:42
79,02:38:42,2018-06-19,250,242,0,0,0,0,0,0,0,0,2018-06-19 02:38:42
80,02:40:42,2018-06-19,250,242,0,0,0,0,0,0,0,0,2018-06-19 02:40:42
81,02:42:42,2018-06-19,250,242,0,0,0,0,0,0,0,0,2018-06-19 02:42:42
82,02:44:42,2018-06-19,250,242,0,0,0,0,0,0,0,0,2018-06-19 02:44:42
83,02:46:42,2018-06-19,250,242,0,0,0,0,0,0,0,0,2018-06-19 02:46:42
84,02:48:42,2018-06-19,250,242,0,0,0,0,0,0,0,0,2018-06-19 02:48:42
85,02:50:42,2018-06-19,250,242,0,0,0,0,0,0,0,0,2018-06-19 02:50:42
86,02:52:42,2018-06-19,250,242,0,0,0,0,0,0,0,0,2018-06-19 02:52:42
87,02:54:42,2018-06-19,250,242,0,0,0,0,0,0,0,0,2018-06-19 02:54:42
88,02:56:42,2018-06-19,250,242,0,0,0,0,0,0,0,0,2018-06-19 02:56:42
89,02:58:42,2018-06-19,250,242,0,0,0,0,0,0,0,0,2018-06-19 02:58:42
90,03:00:42,2018-06-19,250,242,0,0,0,0,0,0,0,0,2018-06-19 03:00:42
91,03:02:42,2018-06-19,250,242,0,0,0,0,0,0,0,0,2018-06-19 03:02:42
92,03:04:42,2018-06-19,250,242,0,0,0,0,0,0,0,0,2018-06-19 03:04:42
93,03:06:42,2018-06-19,250,242,0,0,0,0,0,0,0,0,2018-06-19 03:06:42
94,03:08:42,2018-06-19,250,242,0,0,0,0,0,0,0,0,2018-06-19 03:08:42
95,03:10:42,2018-06-19,250,242,0,0,0,0,0,0,0,0,2018-06-19 03:10:42
96,03:12:42,2018-06-19,250,242,0,0,0,0,0,0,0,0,2018-06-19 03:12:42
97,03:14:42,2018-06-19,250,242,0,0,0,0,0,0,0,0,2018-06-19 03:14:42
98,03:16:42,2018-06-19,250,242,0,0,0,0,0,0,0,0,2018-06-19 03:16:42
99,03:18:42,2018-06-19,250,242,0,0,0,0,0,0,0,0,2018-06-19 03:18:42
100,03:20:42,2018-06-19,250,242,0,0,0,0,0,0,0,0,2018-06-19 03:20:42
101,03:22:42,2018-06-19,249,242,0,0,0,0,0,0,0,0,2018-06-19 03:22:42
102,03:24:42,2018-06-19,249,242,0,0,0,0,0,0,0,0,2018-06-19 03:24:42
103,03:26:42,2018-06-19,250,242,0,0,0,0,0,0,0,0,2018-06-19 03:26:42
104,03:28:42,2018-06-19,250,242,0,0,0,0,0,0,0,0,2018-06-19 03:28:42
105,03:30:42,2018-06-19,249,242,0,0,0,0,0,0,0,0,2018-06-19 03:30:42
106,03:32:42,2018-06-19,249,242,0,0,0,0,0,0,0,0,2018-06-19 03:32:42
107,03:34:42,2018-06-19,249,242,0,0,0,0,0,0,0,0,2018-06-19 03:34:42
108,03:36:42,2018-06-19,249,242,0,0,0,0,0,0,0,0,2018-06-19 03:36:42
109,03:38:42,2018-06-19,249,242,0,0,0,0,0,0,0,0,2018-06-19 03:38:42
110,03:40:42,2018-06-19,249,242,0,0,0,0,0,0,0,0,2018-06-19 03:40:42
111,03:42:42,2018-06-19,249,242,0,0,0,0,0,0,0,0,2018-06-19 03:42:42
112,03:44:42,2018-06-19,249,242,0,0,0,0,0,0,0,0,2018-06-19 03:44:42
113,03:46:42,2018-06-19,249,242,0,0,0,0,0,0,0,0,2018-06-19 03:46:42
114,03:48:42,2018-06-19,249,242,0,0,0,0,0,0,0,0,2018-06-19 03:48:42
115,03:50:42,2018-06-19,249,242,0,0,0,0,0,0,0,0,2018-06-19 03:50:42
116,03:52:42,2018-06-19,249,242,0,0,0,0,0,0,0,0,2018-06-19 03:52:42
117,03:54:42,2018-06-19,249,241,0,0,0,0,0,0,0,0,2018-06-19 03:54:42
118,03:56:42,2018-06-19,249,241,0,0,0,0,0,0,0,0,2018-06-19 03:56:42
119,03:58:42,2018-06-19,249,241,0,0,0,0,0,0,0,0,2018-06-19 03:58:42
120,04:00:42,2018-06-19,249,241,0,0,0,0,0,0,0,0,2018-06-19 04:00:42
121,04:02:42,2018-06-19,249,241,0,0,0,0,0,0,0,0,2018-06-19 04:02:42
122,04:04:42,2018-06-19,249,241,0,0,0,0,0,0,0,0,2018-06-19 04:04:42
123,04:06:42,2018-06-19,249,241,0,0,0,0,0,0,0,0,2018-06-19 04:06:42
124,04:08:42,2018-06-19,249,241,0,0,0,0,0,0,0,0,2018-06-19 04:08:42
125,04:10:42,2018-06-19,249,241,0,0,0,0,0,0,0,0,2018-06-19 04:10:42
126,04:12:43,2018-06-19,249,241,0,0,0,0,0,0,0,0,2018-06-19 04:12:43
127,04:14:42,2018-06-19,249,241,0,0,0,0,0,0,0,0,2018-06-19 04:14:42
128,04:16:42,2018-06-19,249,241,0,0,0,0,0,0,0,0,2018-06-19 04:16:42
129,04:18:42,2018-06-19,249,241,0,0,0,0,0,0,0,0,2018-06-19 04:18:42
130,04:20:43,2018-06-19,249,241,0,0,0,0,0,0,0,0,2018-06-19 04:20:43
131,04:22:43,2018-06-19,249,241,0,0,0,0,0,0,0,0,2018-06-19 04:22:43
132,04:24:43,2018-06-19,249,241,0,0,0,0,0,0,0,0,2018-06-19 04:24:43
133,04:26:42,2018-06-19,249,241,0,0,0,0,0,0,0,0,2018-06-19 04:26:42
134,04:28:42,2018-06-19,249,241,0,0,0,0,0,0,0,0,2018-06-19 04:28:42
135,04:30:43,2018-06-19,249,241,0,0,0,0,0,0,0,0,2018-06-19 04:30:43
136,04:32:43,2018-06-19,249,241,0,0,0,0,0,0,0,0,2018-06-19 04:32:43
137,04:34:42,2018-06-19,249,241,0,0,0,0,0,0,0,0,2018-06-19 04:34:42
138,04:36:43,2018-06-19,249,241,0,0,0,0,0,0,0,0,2018-06-19 04:36:43
139,04:38:43,2018-06-19,249,241,0,0,0,0,0,0,0,0,2018-06-19 04:38:43
140,04:40:43,2018-06-19,249,241,0,0,0,0,0,0,0,0,2018-06-19 04:40:43
141,04:42:43,2018-06-19,249,241,0,0,0,0,0,0,0,0,2018-06-19 04:42:43
142,04:44:42,2018-06-19,249,241,0,0,0,0,0,0,0,0,2018-06-19 04:44:42
143,04:46:43,2018-06-19,249,241,0,0,0,0,0,0,0,0,2018-06-19 04:46:43
144,04:48:43,2018-06-19,249,241,0,0,0,0,0,0,0,0,2018-06-19 04:48:43
145,04:50:43,2018-06-19,249,241,0,0,0,0,0,0,0,0,2018-06-19 04:50:43
146,04:52:42,2018-06-19,249,241,0,0,0,0,0,0,0,0,2018-06-19 04:52:42
147,04:54:43,2018-06-19,249,241,0,0,0,0,0,0,0,0,2018-06-19 04:54:43
148,04:56:43,2018-06-19,249,241,0,0,0,0,0,0,0,0,2018-06-19 04:56:43
149,04:58:43,2018-06-19,249,241,0,0,0,0,0,0,0,0,2018-06-19 04:58:43
150,05:00:43,2018-06-19,249,241,0,0,0,0,0,0,0,0,2018-06-19 05:00:43
151,05:02:43,2018-06-19,249,241,0,0,0,0,0,0,0,0,2018-06-19 05:02:43
152,05:04:43,2018-06-19,249,241,0,0,0,0,0,0,0,0,2018-06-19 05:04:43
153,05:06:43,2018-06-19,249,241,0,0,0,0,0,0,0,0,2018-06-19 05:06:43
154,05:08:43,2018-06-19,249,241,0,0,0,0,0,0,0,0,2018-06-19 05:08:43
155,05:10:43,2018-06-19,249,241,0,0,0,0,0,0,0,0,2018-06-19 05:10:43
156,05:12:43,2018-06-19,249,241,0,0,0,0,0,0,0,0,2018-06-19 05:12:43
157,05:14:43,2018-06-19,248,240,0,0,0,0,0,0,0,0,2018-06-19 05:14:43
158,05:16:43,2018-06-19,248,241,0,0,0,0,0,0,0,0,2018-06-19 05:16:43
159,05:18:43,2018-06-19,248,241,0,0,0,0,0,0,0,0,2018-06-19 05:18:43
160,05:20:43,2018-06-19,248,240,0,0,0,0,0,0,0,0,2018-06-19 05:20:43
161,05:22:43,2018-06-19,248,241,0,0,0,0,0,0,0,0,2018-06-19 05:22:43
162,05:24:43,2018-06-19,248,241,0,0,0,0,0,0,0,0,2018-06-19 05:24:43
163,05:26:43,2018-06-19,248,240,0,0,0,0,0,0,0,0,2018-06-19 05:26:43
164,05:28:43,2018-06-19,248,240,0,0,0,0,0,0,0,0,2018-06-19 05:28:43
165,05:30:43,2018-06-19,248,240,0,0,0,0,0,0,0,0,2018-06-19 05:30:43
166,05:32:43,2018-06-19,248,240,0,0,0,0,0,0,0,0,2018-06-19 05:32:43
167,05:34:43,2018-06-19,248,240,0,0,0,0,0,0,0,0,2018-06-19 05:34:43
168,05:36:43,2018-06-19,248,240,0,0,0,0,0,0,0,0,2018-06-19 05:36:43
169,05:38:43,2018-06-19,248,240,0,0,0,0,0,0,0,0,2018-06-19 05:38:43
170,05:40:43,2018-06-19,248,240,0,0,0,0,0,0,0,0,2018-06-19 05:40:43
171,05:42:43,2018-06-19,248,240,0,0,0,0,0,0,0,0,2018-06-19 05:42:43
172,05:44:43,2018-06-19,248,240,0,0,0,0,0,0,0,0,2018-06-19 05:44:43
173,05:46:43,2018-06-19,248,240,0,0,0,0,0,0,0,0,2018-06-19 05:46:43
174,05:48:43,2018-06-19,248,240,0,0,0,0,0,0,0,0,2018-06-19 05:48:43
175,05:50:43,2018-06-19,248,240,0,0,0,0,0,0,0,0,2018-06-19 05:50:43
176,05:52:43,2018-06-19,248,240,0,0,0,0,0,0,0,0,2018-06-19 05:52:43
177,05:54:43,2018-06-19,248,240,0,0,0,0,0,0,0,0,2018-06-19 05:54:43
178,05:56:43,2018-06-19,248,240,0,0,0,0,0,0,0,0,2018-06-19 05:56:43
179,05:58:43,2018-06-19,248,240,0,0,0,0,0,0,0,0,2018-06-19 05:58:43
180,06:00:43,2018-06-19,248,240,0,0,0,0,0,0,0,0,2018-06-19 06:00:43
181,06:02:43,2018-06-19,248,240,0,0,0,0,0,0,0,0,2018-06-19 06:02:43
182,06:04:43,2018-06-19,248,240,0,0,0,0,0,0,0,0,2018-06-19 06:04:43
183,06:06:43,2018-06-19,248,240,0,0,0,0,0,0,0,0,2018-06-19 06:06:43
184,06:08:43,2018-06-19,248,240,0,0,0,0,0,0,0,0,2018-06-19 06:08:43
185,06:10:43,2018-06-19,248,240,0,0,0,0,0,0,0,0,2018-06-19 06:10:43
186,06:12:43,2018-06-19,248,240,0,0,0,0,0,0,0,0,2018-06-19 06:12:43
187,06:14:43,2018-06-19,248,240,0,0,0,0,0,0,0,0,2018-06-19 06:14:43
188,06:16:43,2018-06-19,248,240,0,0,0,0,0,0,0,0,2018-06-19 06:16:43
189,06:18:43,2018-06-19,248,240,0,0,0,0,0,0,0,0,2018-06-19 06:18:43
190,06:20:43,2018-06-19,248,240,0,0,0,0,0,0,0,0,2018-06-19 06:20:43
191,06:22:43,2018-06-19,248,240,0,0,0,0,0,0,0,0,2018-06-19 06:22:43
192,06:24:43,2018-06-19,248,240,0,0,0,0,0,0,0,0,2018-06-19 06:24:43
193,06:26:43,2018-06-19,248,240,0,0,0,0,0,0,0,0,2018-06-19 06:26:43
194,06:28:43,2018-06-19,248,240,0,0,0,0,0,0,0,0,2018-06-19 06:28:43
195,06:30:43,2018-06-19,248,240,0,0,0,0,0,0,0,0,2018-06-19 06:30:43
196,06:32:43,2018-06-19,248,240,0,0,0,0,0,0,0,0,2018-06-19 06:32:43
197,06:34:43,2018-06-19,248,240,0,0,0,0,0,0,0,0,2018-06-19 06:34:43
198,06:36:43,2018-06-19,248,240,0,0,0,0,0,0,0,0,2018-06-19 06:36:43
199,06:38:43,2018-06-19,248,240,0,0,0,0,0,0,0,0,2018-06-19 06:38:43
200,06:40:43,2018-06-19,248,240,0,0,0,0,0,0,0,0,2018-06-19 06:40:43
201,06:42:43,2018-06-19,248,240,0,0,0,0,0,0,0,0,2018-06-19 06:42:43
202,06:44:43,2018-06-19,248,240,0,0,0,0,0,0,0,0,2018-06-19 06:44:43
203,06:46:43,2018-06-19,248,240,0,0,0,0,0,0,0,0,2018-06-19 06:46:43
204,06:48:43,2018-06-19,248,240,0,0,0,0,0,0,0,0,2018-06-19 06:48:43
205,06:50:43,2018-06-19,248,240,0,0,0,0,0,0,0,0,2018-06-19 06:50:43
206,06:52:43,2018-06-19,247,240,0,0,0,0,0,0,0,0,2018-06-19 06:52:43
207,06:54:43,2018-06-19,247,240,0,0,0,0,0,0,0,0,2018-06-19 06:54:43
208,06:56:43,2018-06-19,247,240,0,0,0,0,0,0,0,0,2018-06-19 06:56:43
209,06:58:43,2018-06-19,248,240,0,0,0,0,0,0,0,0,2018-06-19 06:58:43
210,07:00:43,2018-06-19,248,240,0,0,0,0,0,0,0,0,2018-06-19 07:00:43
211,07:02:43,2018-06-19,248,240,0,0,0,0,0,0,0,0,2018-06-19 07:02:43
212,07:04:43,2018-06-19,248,240,0,0,0,0,0,0,0,0,2018-06-19 07:04:43
213,07:06:43,2018-06-19,248,240,0,0,0,0,0,0,0,0,2018-06-19 07:06:43
214,07:08:43,2018-06-19,248,240,0,0,0,0,0,0,0,0,2018-06-19 07:08:43
215,07:10:44,2018-06-19,248,240,0,0,0,0,0,0,0,0,2018-06-19 07:10:44
216,07:12:43,2018-06-19,248,240,0,0,0,0,0,0,0,0,2018-06-19 07:12:43
217,07:14:43,2018-06-19,248,240,0,0,0,0,0,0,0,0,2018-06-19 07:14:43
218,07:16:44,2018-06-19,248,240,0,0,0,0,0,0,0,0,2018-06-19 07:16:44
219,07:18:43,2018-06-19,248,241,0,0,0,0,0,0,0,0,2018-06-19 07:18:43
220,07:20:43,2018-06-19,249,241,0,0,0,0,0,0,0,0,2018-06-19 07:20:43
221,07:22:43,2018-06-19,249,241,0,0,0,0,0,0,0,0,2018-06-19 07:22:43
222,07:24:43,2018-06-19,249,241,0,0,0,0,0,0,0,0,2018-06-19 07:24:43
223,07:26:44,2018-06-19,249,241,0,0,0,0,0,0,0,0,2018-06-19 07:26:44
224,07:28:44,2018-06-19,249,241,0,0,0,0,0,0,0,0,2018-06-19 07:28:44
225,07:30:43,2018-06-19,249,241,0,0,0,0,0,0,0,0,2018-06-19 07:30:43
226,07:32:43,2018-06-19,248,241,0,0,0,0,0,0,0,0,2018-06-19 07:32:43
227,07:34:44,2018-06-19,247,240,0,0,0,0,0,0,0,0,2018-06-19 07:34:44
228,07:36:44,2018-06-19,246,240,0,0,0,0,0,0,0,0,2018-06-19 07:36:44
229,07:38:44,2018-06-19,246,240,0,0,0,0,0,0,0,0,2018-06-19 07:38:44
230,07:40:43,2018-06-19,246,240,0,0,0,0,0,0,0,0,2018-06-19 07:40:43
231,07:42:44,2018-06-19,246,240,0,0,0,0,0,0,0,0,2018-06-19 07:42:44
232,07:44:44,2018-06-19,246,240,0,0,0,0,0,0,0,0,2018-06-19 07:44:44
233,07:46:44,2018-06-19,246,240,0,0,0,0,0,0,0,0,2018-06-19 07:46:44
234,07:48:43,2018-06-19,246,239,0,0,0,0,0,0,0,0,2018-06-19 07:48:43
235,07:50:44,2018-06-19,245,239,0,0,0,0,0,0,0,0,2018-06-19 07:50:44
236,07:52:44,2018-06-19,245,239,0,0,0,0,0,0,0,0,2018-06-19 07:52:44
237,07:54:44,2018-06-19,245,239,0,0,0,0,0,0,0,0,2018-06-19 07:54:44
238,07:56:44,2018-06-19,245,239,0,0,0,0,0,0,0,0,2018-06-19 07:56:44
239,07:58:44,2018-06-19,245,239,0,0,0,0,0,0,0,0,2018-06-19 07:58:44
240,08:00:44,2018-06-19,246,239,0,0,0,0,0,0,0,0,2018-06-19 08:00:44
241,08:02:44,2018-06-19,246,239,0,0,0,0,0,0,0,0,2018-06-19 08:02:44
242,08:04:44,2018-06-19,246,239,0,0,0,0,0,0,0,0,2018-06-19 08:04:44
243,08:06:44,2018-06-19,246,239,0,0,0,0,0,0,0,0,2018-06-19 08:06:44
244,08:08:44,2018-06-19,245,239,0,0,0,0,0,0,0,0,2018-06-19 08:08:44
245,08:10:44,2018-06-19,245,239,0,0,0,0,0,0,0,0,2018-06-19 08:10:44
246,08:12:44,2018-06-19,246,239,0,0,0,0,0,0,0,0,2018-06-19 08:12:44
247,08:14:44,2018-06-19,246,239,0,0,0,0,0,0,0,0,2018-06-19 08:14:44
248,08:16:44,2018-06-19,246,239,0,0,0,0,0,0,0,0,2018-06-19 08:16:44
249,08:18:44,2018-06-19,246,239,0,0,0,0,0,0,0,0,2018-06-19 08:18:44
250,08:20:44,2018-06-19,246,239,0,0,0,0,0,0,0,0,2018-06-19 08:20:44
251,08:22:44,2018-06-19,247,239,0,0,0,0,0,0,0,0,2018-06-19 08:22:44
252,08:24:44,2018-06-19,247,239,0,0,0,0,0,0,0,0,2018-06-19 08:24:44
253,08:26:44,2018-06-19,247,239,0,0,0,0,0,0,0,0,2018-06-19 08:26:44
254,08:28:44,2018-06-19,246,239,0,0,0,0,0,0,0,0,2018-06-19 08:28:44
255,08:30:44,2018-06-19,246,239,0,0,0,0,0,0,0,0,2018-06-19 08:30:44
256,08:32:44,2018-06-19,247,239,0,0,0,0,0,0,0,0,2018-06-19 08:32:44
257,08:34:44,2018-06-19,247,239,0,0,0,0,0,0,0,0,2018-06-19 08:34:44
258,08:36:44,2018-06-19,247,239,0,0,0,0,0,0,0,0,2018-06-19 08:36:44
259,08:38:44,2018-06-19,247,239,0,0,0,0,0,0,0,0,2018-06-19 08:38:44
260,08:40:44,2018-06-19,247,239,0,0,0,0,0,0,0,0,2018-06-19 08:40:44
261,08:42:44,2018-06-19,247,239,0,0,0,0,0,0,0,0,2018-06-19 08:42:44
262,08:44:44,2018-06-19,247,239,0,0,0,0,0,0,0,0,2018-06-19 08:44:44
263,08:46:44,2018-06-19,246,239,0,0,0,0,0,0,0,0,2018-06-19 08:46:44
264,08:48:44,2018-06-19,247,239,0,0,0,0,0,0,0,0,2018-06-19 08:48:44
265,08:50:44,2018-06-19,247,239,0,0,0,0,0,0,0,0,2018-06-19 08:50:44
266,08:52:44,2018-06-19,247,239,0,0,0,0,0,0,0,0,2018-06-19 08:52:44
267,08:54:44,2018-06-19,247,239,0,0,0,0,0,0,0,0,2018-06-19 08:54:44
268,08:56:44,2018-06-19,247,239,0,0,0,0,0,0,0,0,2018-06-19 08:56:44
269,08:58:44,2018-06-19,247,239,0,0,0,0,0,0,0,0,2018-06-19 08:58:44
270,09:00:44,2018-06-19,247,239,0,0,0,0,0,0,0,0,2018-06-19 09:00:44
271,09:02:44,2018-06-19,247,239,0,0,0,0,0,0,0,0,2018-06-19 09:02:44
272,09:04:44,2018-06-19,247,239,0,0,0,0,0,0,0,0,2018-06-19 09:04:44
273,09:06:44,2018-06-19,247,239,0,0,0,0,0,0,0,0,2018-06-19 09:06:44
274,09:08:44,2018-06-19,247,240,0,0,0,0,0,0,0,0,2018-06-19 09:08:44
275,09:10:44,2018-06-19,247,240,0,0,0,0,0,0,0,0,2018-06-19 09:10:44
276,09:12:44,2018-06-19,247,240,0,0,0,0,0,0,0,0,2018-06-19 09:12:44
277,09:14:44,2018-06-19,247,239,0,0,0,0,0,0,0,0,2018-06-19 09:14:44
278,09:16:44,2018-06-19,246,239,0,0,0,0,0,0,0,0,2018-06-19 09:16:44
279,09:18:44,2018-06-19,247,239,0,0,0,0,0,0,0,0,2018-06-19 09:18:44
280,09:20:44,2018-06-19,247,239,0,0,0,0,0,0,0,0,2018-06-19 09:20:44
281,09:22:44,2018-06-19,247,240,0,0,0,0,0,0,0,0,2018-06-19 09:22:44
282,09:24:44,2018-06-19,247,240,0,0,0,0,0,0,0,0,2018-06-19 09:24:44
283,09:26:44,2018-06-19,247,240,0,0,0,0,0,0,0,0,2018-06-19 09:26:44
284,09:28:44,2018-06-19,247,240,0,0,0,0,0,0,0,0,2018-06-19 09:28:44
285,09:30:44,2018-06-19,248,240,0,0,0,0,0,0,0,0,2018-06-19 09:30:44
286,09:32:44,2018-06-19,247,240,0,0,0,0,0,0,0,0,2018-06-19 09:32:44
287,09:34:44,2018-06-19,248,240,0,0,0,0,0,0,0,0,2018-06-19 09:34:44
288,09:36:44,2018-06-19,248,240,0,0,0,0,0,0,0,0,2018-06-19 09:36:44
289,09:38:44,2018-06-19,248,240,0,0,0,0,0,0,0,0,2018-06-19 09:38:44
290,09:40:44,2018-06-19,248,241,0,0,0,0,0,0,0,0,2018-06-19 09:40:44
291,09:42:44,2018-06-19,248,241,0,0,0,0,0,0,0,0,2018-06-19 09:42:44
292,09:44:44,2018-06-19,249,241,0,0,0,0,0,0,0,0,2018-06-19 09:44:44
293,09:46:44,2018-06-19,249,241,0,0,0,0,0,0,0,0,2018-06-19 09:46:44
294,09:48:44,2018-06-19,249,241,0,0,0,0,0,0,0,0,2018-06-19 09:48:44
295,09:50:44,2018-06-19,249,241,0,0,0,0,0,0,0,0,2018-06-19 09:50:44
296,09:52:44,2018-06-19,249,241,0,0,0,0,0,0,0,0,2018-06-19 09:52:44
297,09:54:44,2018-06-19,249,241,0,0,0,0,0,0,0,0,2018-06-19 09:54:44
298,09:56:44,2018-06-19,249,241,0,0,0,0,0,0,0,0,2018-06-19 09:56:44
299,09:58:44,2018-06-19,249,241,0,0,0,0,0,0,0,0,2018-06-19 09:58:44
300,10:00:44,2018-06-19,249,241,0,0,0,0,0,0,0,0,2018-06-19 10:00:44
301,10:02:44,2018-06-19,249,241,0,0,0,0,0,0,0,0,2018-06-19 10:02:44
302,10:04:44,2018-06-19,249,241,0,0,0,0,0,0,0,0,2018-06-19 10:04:44
303,10:06:44,2018-06-19,249,241,0,0,0,0,0,0,0,0,2018-06-19 10:06:44
304,10:08:45,2018-06-19,249,241,0,0,0,0,0,0,0,0,2018-06-19 10:08:45
305,10:10:44,2018-06-19,249,242,0,0,0,0,0,0,0,0,2018-06-19 10:10:44
306,10:12:44,2018-06-19,250,242,0,0,0,0,0,0,0,0,2018-06-19 10:12:44
307,10:14:44,2018-06-19,250,242,0,0,0,0,0,0,0,0,2018-06-19 10:14:44
308,10:16:45,2018-06-19,250,242,0,0,0,0,0,0,0,0,2018-06-19 10:16:45
309,10:18:44,2018-06-19,250,242,0,0,0,0,0,0,0,0,2018-06-19 10:18:44
310,10:20:44,2018-06-19,250,242,0,0,0,0,0,0,0,0,2018-06-19 10:20:44
311,10:22:44,2018-06-19,250,242,0,0,0,0,0,0,0,0,2018-06-19 10:22:44
312,10:24:45,2018-06-19,250,242,0,0,0,0,0,0,0,0,2018-06-19 10:24:45
313,10:26:45,2018-06-19,250,242,0,0,0,0,0,0,0,0,2018-06-19 10:26:45
314,10:28:45,2018-06-19,250,242,0,0,0,0,0,0,0,0,2018-06-19 10:28:45
315,10:30:44,2018-06-19,250,242,0,0,0,0,0,0,0,0,2018-06-19 10:30:44
316,10:32:44,2018-06-19,250,242,0,0,0,0,0,0,0,0,2018-06-19 10:32:44
317,10:34:45,2018-06-19,250,243,0,0,0,0,0,0,0,0,2018-06-19 10:34:45
318,10:36:45,2018-06-19,251,243,0,0,0,0,0,0,0,0,2018-06-19 10:36:45
319,10:38:44,2018-06-19,251,243,0,0,0,0,0,0,0,0,2018-06-19 10:38:44
320,10:40:45,2018-06-19,251,243,0,0,0,0,0,0,0,0,2018-06-19 10:40:45
321,10:42:45,2018-06-19,251,243,0,0,0,0,0,0,0,0,2018-06-19 10:42:45
322,10:44:45,2018-06-19,251,243,0,0,0,0,0,0,0,0,2018-06-19 10:44:45
323,10:46:45,2018-06-19,251,243,0,0,0,0,0,0,0,0,2018-06-19 10:46:45
324,10:48:45,2018-06-19,251,243,0,0,0,0,0,0,0,0,2018-06-19 10:48:45
325,10:50:45,2018-06-19,251,243,0,0,0,0,0,0,0,0,2018-06-19 10:50:45
326,10:52:45,2018-06-19,251,243,0,0,0,0,0,0,0,0,2018-06-19 10:52:45
327,10:54:45,2018-06-19,251,243,0,0,0,0,0,0,0,0,2018-06-19 10:54:45
328,10:56:45,2018-06-19,252,244,0,0,0,0,0,0,0,0,2018-06-19 10:56:45
329,10:58:45,2018-06-19,252,244,0,0,0,0,0,0,0,0,2018-06-19 10:58:45
330,11:00:45,2018-06-19,252,244,0,0,0,0,0,0,0,0,2018-06-19 11:00:45
331,11:02:45,2018-06-19,252,244,0,0,0,0,0,0,0,0,2018-06-19 11:02:45
332,11:04:45,2018-06-19,252,244,0,0,0,0,0,0,0,0,2018-06-19 11:04:45
333,11:06:45,2018-06-19,252,244,0,0,0,0,0,0,0,0,2018-06-19 11:06:45
334,11:08:45,2018-06-19,252,244,0,0,0,0,0,0,0,0,2018-06-19 11:08:45
335,11:10:45,2018-06-19,252,244,0,0,0,0,0,0,0,0,2018-06-19 11:10:45
336,11:12:45,2018-06-19,252,244,0,0,0,0,0,0,0,0,2018-06-19 11:12:45
337,11:14:45,2018-06-19,252,244,0,0,0,0,0,0,0,0,2018-06-19 11:14:45
338,11:16:45,2018-06-19,252,244,0,0,0,0,0,0,0,0,2018-06-19 11:16:45
339,11:18:45,2018-06-19,252,244,0,0,0,0,0,0,0,0,2018-06-19 11:18:45
340,11:20:45,2018-06-19,252,244,0,0,0,0,0,0,0,0,2018-06-19 11:20:45
341,11:22:45,2018-06-19,252,245,0,0,0,0,0,0,0,0,2018-06-19 11:22:45
342,11:24:45,2018-06-19,253,245,0,0,0,0,0,0,0,0,2018-06-19 11:24:45
343,11:26:45,2018-06-19,253,245,0,0,0,0,0,0,0,0,2018-06-19 11:26:45
344,11:28:45,2018-06-19,253,245,0,0,0,0,0,0,0,0,2018-06-19 11:28:45
345,11:30:45,2018-06-19,253,245,0,0,0,0,0,0,0,0,2018-06-19 11:30:45
346,11:32:45,2018-06-19,253,245,0,0,0,0,0,0,0,0,2018-06-19 11:32:45
347,11:34:45,2018-06-19,253,245,0,0,0,0,0,0,0,0,2018-06-19 11:34:45
348,11:36:45,2018-06-19,253,245,0,0,0,0,0,0,0,0,2018-06-19 11:36:45
349,11:38:45,2018-06-19,253,245,0,0,0,0,0,0,0,0,2018-06-19 11:38:45
350,11:40:45,2018-06-19,253,245,0,0,0,0,0,0,0,0,2018-06-19 11:40:45
351,11:42:45,2018-06-19,253,245,0,0,0,0,0,0,0,0,2018-06-19 11:42:45
352,11:44:45,2018-06-19,253,245,0,0,0,0,0,0,0,0,2018-06-19 11:44:45
353,11:46:45,2018-06-19,253,245,0,0,0,0,0,0,0,0,2018-06-19 11:46:45
354,11:48:45,2018-06-19,253,245,0,0,0,0,0,0,0,0,2018-06-19 11:48:45
355,11:50:45,2018-06-19,254,246,0,0,0,0,0,0,0,0,2018-06-19 11:50:45
356,11:52:45,2018-06-19,254,246,0,0,0,0,0,0,0,0,2018-06-19 11:52:45
357,11:54:45,2018-06-19,254,246,0,0,0,0,0,0,0,0,2018-06-19 11:54:45
358,11:56:45,2018-06-19,254,246,0,0,0,0,0,0,0,0,2018-06-19 11:56:45
359,11:58:45,2018-06-19,254,246,0,0,0,0,0,0,0,0,2018-06-19 11:58:45
360,12:00:45,2018-06-19,254,246,0,0,0,0,0,0,0,0,2018-06-19 12:00:45
361,12:02:45,2018-06-19,254,246,0,0,0,0,0,0,0,0,2018-06-19 12:02:45
362,12:04:45,2018-06-19,254,246,0,0,0,0,0,0,0,0,2018-06-19 12:04:45
363,12:06:45,2018-06-19,254,246,0,0,0,0,0,0,0,0,2018-06-19 12:06:45
364,12:08:45,2018-06-19,254,246,0,0,0,0,0,0,0,0,2018-06-19 12:08:45
365,12:10:45,2018-06-19,255,247,0,0,0,0,0,0,0,0,2018-06-19 12:10:45
366,12:12:45,2018-06-19,254,247,0,0,0,0,0,0,0,0,2018-06-19 12:12:45
367,12:14:45,2018-06-19,255,247,0,0,0,0,0,0,0,0,2018-06-19 12:14:45
368,12:16:45,2018-06-19,255,247,0,0,0,0,0,0,0,0,2018-06-19 12:16:45
369,12:18:45,2018-06-19,255,247,0,0,0,0,0,0,0,0,2018-06-19 12:18:45
370,12:20:45,2018-06-19,255,247,0,0,0,0,0,0,0,0,2018-06-19 12:20:45
371,12:22:45,2018-06-19,255,247,0,0,0,0,0,0,0,0,2018-06-19 12:22:45
372,12:24:45,2018-06-19,255,247,0,0,0,0,0,0,0,0,2018-06-19 12:24:45
373,12:26:45,2018-06-19,255,247,0,0,0,0,0,0,0,0,2018-06-19 12:26:45
374,12:28:45,2018-06-19,255,247,0,0,0,0,0,0,0,0,2018-06-19 12:28:45
375,12:30:45,2018-06-19,255,247,0,0,0,0,0,0,0,0,2018-06-19 12:30:45
376,12:32:45,2018-06-19,255,247,0,0,0,0,0,0,0,0,2018-06-19 12:32:45
377,12:34:45,2018-06-19,255,247,0,0,0,0,0,0,0,0,2018-06-19 12:34:45
378,12:36:45,2018-06-19,256,247,0,0,0,0,0,0,0,0,2018-06-19 12:36:45
379,12:38:45,2018-06-19,256,248,0,0,0,0,0,0,0,0,2018-06-19 12:38:45
380,12:40:45,2018-06-19,256,248,0,0,0,0,0,0,0,0,2018-06-19 12:40:45
381,12:42:45,2018-06-19,256,248,0,0,0,0,0,0,0,0,2018-06-19 12:42:45
382,12:44:45,2018-06-19,256,248,0,0,0,0,0,0,0,0,2018-06-19 12:44:45
383,12:46:45,2018-06-19,256,248,0,0,0,0,0,0,0,0,2018-06-19 12:46:45
384,12:48:45,2018-06-19,256,248,0,0,0,0,0,0,0,0,2018-06-19 12:48:45
385,12:50:45,2018-06-19,256,248,0,0,0,0,0,0,0,0,2018-06-19 12:50:45
386,12:52:45,2018-06-19,256,248,0,0,0,0,0,0,0,0,2018-06-19 12:52:45
387,12:54:45,2018-06-19,256,248,0,0,0,0,0,0,0,0,2018-06-19 12:54:45
388,12:56:45,2018-06-19,256,248,0,0,0,0,0,0,0,0,2018-06-19 12:56:45
389,12:58:45,2018-06-19,256,248,0,0,0,0,0,0,0,0,2018-06-19 12:58:45
390,13:00:45,2018-06-19,256,248,0,0,0,0,0,0,0,0,2018-06-19 13:00:45
391,13:02:45,2018-06-19,256,248,0,0,0,0,0,0,0,0,2018-06-19 13:02:45
392,13:04:45,2018-06-19,257,249,0,0,0,0,0,0,0,0,2018-06-19 13:04:45
393,13:06:45,2018-06-19,257,249,0,0,0,0,0,0,0,0,2018-06-19 13:06:45
394,13:08:45,2018-06-19,257,249,0,0,0,0,0,0,0,0,2018-06-19 13:08:45
395,13:10:46,2018-06-19,257,249,0,0,0,0,0,0,0,0,2018-06-19 13:10:46
396,13:12:45,2018-06-19,257,249,0,0,0,0,0,0,0,0,2018-06-19 13:12:45
397,13:14:45,2018-06-19,257,249,0,0,0,0,0,0,0,0,2018-06-19 13:14:45
398,13:16:45,2018-06-19,257,249,0,0,0,0,0,0,0,0,2018-06-19 13:16:45
399,13:18:46,2018-06-19,258,250,0,0,0,0,0,0,0,0,2018-06-19 13:18:46
400,13:20:46,2018-06-19,258,250,0,0,0,0,0,0,0,0,2018-06-19 13:20:46
401,13:22:45,2018-06-19,258,250,0,0,0,0,0,0,0,0,2018-06-19 13:22:45
402,13:24:45,2018-06-19,258,250,0,0,0,0,0,0,0,0,2018-06-19 13:24:45
403,13:26:45,2018-06-19,258,250,0,0,0,0,0,0,0,0,2018-06-19 13:26:45
404,13:28:46,2018-06-19,259,250,0,0,0,0,0,0,0,0,2018-06-19 13:28:46
405,13:30:46,2018-06-19,260,251,0,0,0,0,0,0,0,0,2018-06-19 13:30:46
406,13:32:45,2018-06-19,260,252,0,0,0,0,0,0,0,0,2018-06-19 13:32:45
407,13:34:45,2018-06-19,260,252,0,0,0,0,0,0,0,0,2018-06-19 13:34:45
408,13:36:46,2018-06-19,261,252,0,0,0,0,0,0,0,0,2018-06-19 13:36:46
409,13:38:46,2018-06-19,261,252,0,0,0,0,0,0,0,0,2018-06-19 13:38:46
410,13:40:46,2018-06-19,262,253,0,0,0,0,0,0,0,0,2018-06-19 13:40:46
411,13:42:46,2018-06-19,262,253,0,0,0,0,0,0,0,0,2018-06-19 13:42:46
412,13:44:46,2018-06-19,262,253,0,0,0,0,0,0,0,0,2018-06-19 13:44:46
413,13:46:45,2018-06-19,262,253,0,0,0,0,0,0,0,0,2018-06-19 13:46:45
414,13:48:45,2018-06-19,262,253,0,0,0,0,0,0,0,0,2018-06-19 13:48:45
415,13:50:46,2018-06-19,262,253,0,0,0,0,0,0,0,0,2018-06-19 13:50:46
416,13:52:46,2018-06-19,262,253,0,0,0,0,0,0,0,0,2018-06-19 13:52:46
417,13:54:46,2018-06-19,262,254,0,0,0,0,0,0,0,0,2018-06-19 13:54:46
418,13:56:46,2018-06-19,262,254,0,0,0,0,0,0,0,0,2018-06-19 13:56:46
419,13:58:46,2018-06-19,262,254,0,0,0,0,0,0,0,0,2018-06-19 13:58:46
420,14:00:46,2018-06-19,262,254,0,0,0,0,0,0,0,0,2018-06-19 14:00:46
421,14:02:46,2018-06-19,262,254,0,0,0,0,0,0,0,0,2018-06-19 14:02:46
422,14:04:46,2018-06-19,262,254,0,0,0,0,0,0,0,0,2018-06-19 14:04:46
423,14:06:46,2018-06-19,262,254,0,0,0,0,0,0,0,0,2018-06-19 14:06:46
424,14:08:46,2018-06-19,262,254,0,0,0,0,0,0,0,0,2018-06-19 14:08:46
425,14:10:46,2018-06-19,262,254,0,0,0,0,0,0,0,0,2018-06-19 14:10:46
426,14:12:46,2018-06-19,262,254,0,0,0,0,0,0,0,0,2018-06-19 14:12:46
427,14:14:46,2018-06-19,263,254,0,0,0,0,0,0,0,0,2018-06-19 14:14:46
428,14:16:46,2018-06-19,263,255,0,0,0,0,0,0,0,0,2018-06-19 14:16:46
429,14:18:46,2018-06-19,263,255,0,0,0,0,0,0,0,0,2018-06-19 14:18:46
430,14:20:46,2018-06-19,263,255,0,0,0,0,0,0,0,0,2018-06-19 14:20:46
431,14:22:46,2018-06-19,263,255,0,0,0,0,0,0,0,0,2018-06-19 14:22:46
432,14:24:46,2018-06-19,263,255,0,0,0,0,0,0,0,0,2018-06-19 14:24:46
433,14:26:46,2018-06-19,264,255,0,0,0,0,0,0,0,0,2018-06-19 14:26:46
434,14:28:46,2018-06-19,264,256,0,0,0,0,0,0,0,0,2018-06-19 14:28:46
435,14:30:46,2018-06-19,264,256,0,0,0,0,0,0,0,0,2018-06-19 14:30:46
436,14:32:46,2018-06-19,264,255,0,0,0,0,0,0,0,0,2018-06-19 14:32:46
437,14:34:46,2018-06-19,263,255,0,0,0,0,0,0,0,0,2018-06-19 14:34:46
438,14:36:46,2018-06-19,264,256,0,0,0,0,0,0,0,0,2018-06-19 14:36:46
439,14:38:46,2018-06-19,264,256,0,0,0,0,0,0,0,0,2018-06-19 14:38:46
440,14:40:46,2018-06-19,264,256,0,0,0,0,0,0,0,0,2018-06-19 14:40:46
441,14:42:46,2018-06-19,264,256,0,0,0,0,0,0,0,0,2018-06-19 14:42:46
442,14:44:46,2018-06-19,264,256,0,0,0,0,0,0,0,0,2018-06-19 14:44:46
443,14:46:46,2018-06-19,264,256,0,0,0,0,0,0,0,0,2018-06-19 14:46:46
444,14:48:46,2018-06-19,264,256,0,0,0,0,0,0,0,0,2018-06-19 14:48:46
445,14:50:46,2018-06-19,264,256,0,0,0,0,0,0,0,0,2018-06-19 14:50:46
446,14:52:46,2018-06-19,264,256,0,0,0,0,0,0,0,0,2018-06-19 14:52:46
447,14:54:46,2018-06-19,264,256,0,0,0,0,0,0,0,0,2018-06-19 14:54:46
448,14:56:46,2018-06-19,264,256,0,0,0,0,0,0,0,0,2018-06-19 14:56:46
449,14:58:46,2018-06-19,264,256,0,0,0,0,0,0,0,0,2018-06-19 14:58:46
450,15:00:46,2018-06-19,264,256,0,0,0,0,0,0,0,0,2018-06-19 15:00:46
451,15:02:46,2018-06-19,264,256,0,0,0,0,0,0,0,0,2018-06-19 15:02:46
452,15:04:46,2018-06-19,264,256,0,0,0,0,0,0,0,0,2018-06-19 15:04:46
453,15:06:46,2018-06-19,264,256,0,0,0,0,0,0,0,0,2018-06-19 15:06:46
454,15:08:46,2018-06-19,264,256,0,0,0,0,0,0,0,0,2018-06-19 15:08:46
455,15:10:46,2018-06-19,263,256,0,0,0,0,0,0,0,0,2018-06-19 15:10:46
456,15:12:46,2018-06-19,263,255,0,0,0,0,0,0,0,0,2018-06-19 15:12:46
457,15:14:46,2018-06-19,263,255,0,0,0,0,0,0,0,0,2018-06-19 15:14:46
458,15:16:46,2018-06-19,263,255,0,0,0,0,0,0,0,0,2018-06-19 15:16:46
459,15:18:46,2018-06-19,263,255,0,0,0,0,0,0,0,0,2018-06-19 15:18:46
460,15:20:46,2018-06-19,263,255,0,0,0,0,0,0,0,0,2018-06-19 15:20:46
461,15:22:46,2018-06-19,263,255,0,0,0,0,0,0,0,0,2018-06-19 15:22:46
462,15:24:46,2018-06-19,263,255,0,0,0,0,0,0,0,0,2018-06-19 15:24:46
463,15:26:46,2018-06-19,263,255,0,0,0,0,0,0,0,0,2018-06-19 15:26:46
464,15:28:46,2018-06-19,263,255,0,0,0,0,0,0,0,0,2018-06-19 15:28:46
465,15:30:46,2018-06-19,263,255,0,0,0,0,0,0,0,0,2018-06-19 15:30:46
466,15:32:46,2018-06-19,263,255,0,0,0,0,0,0,0,0,2018-06-19 15:32:46
467,15:34:46,2018-06-19,263,255,0,0,0,0,0,0,0,0,2018-06-19 15:34:46
468,15:36:46,2018-06-19,263,255,0,0,0,0,0,0,0,0,2018-06-19 15:36:46
469,15:38:46,2018-06-19,263,255,0,0,0,0,0,0,0,0,2018-06-19 15:38:46
470,15:40:46,2018-06-19,263,255,0,0,0,0,0,0,0,0,2018-06-19 15:40:46
471,15:42:46,2018-06-19,263,255,0,0,0,0,0,0,0,0,2018-06-19 15:42:46
472,15:44:46,2018-06-19,263,255,0,0,0,0,0,0,0,0,2018-06-19 15:44:46
473,15:46:46,2018-06-19,262,254,0,0,0,0,0,0,0,0,2018-06-19 15:46:46
474,15:48:46,2018-06-19,262,254,0,0,0,0,0,0,0,0,2018-06-19 15:48:46
475,15:50:46,2018-06-19,262,254,0,0,0,0,0,0,0,0,2018-06-19 15:50:46
476,15:52:46,2018-06-19,262,254,0,0,0,0,0,0,0,0,2018-06-19 15:52:46
477,15:54:46,2018-06-19,262,254,0,0,0,0,0,0,0,0,2018-06-19 15:54:46
478,15:56:46,2018-06-19,262,254,0,0,0,0,0,0,0,0,2018-06-19 15:56:46
479,15:58:46,2018-06-19,262,254,0,0,0,0,0,0,0,0,2018-06-19 15:58:46
480,16:00:46,2018-06-19,262,254,0,0,0,0,0,0,0,0,2018-06-19 16:00:46
481,16:02:46,2018-06-19,262,254,0,0,0,0,0,0,0,0,2018-06-19 16:02:46
482,16:04:46,2018-06-19,262,254,0,0,0,0,0,0,0,0,2018-06-19 16:04:46
483,16:06:46,2018-06-19,262,254,0,0,0,0,0,0,0,0,2018-06-19 16:06:46
484,16:08:46,2018-06-19,262,254,0,0,0,0,0,0,0,0,2018-06-19 16:08:46
485,16:10:46,2018-06-19,262,254,0,0,0,0,0,0,0,0,2018-06-19 16:10:46
486,16:12:47,2018-06-19,262,254,0,0,0,0,0,0,0,0,2018-06-19 16:12:47
487,16:14:46,2018-06-19,262,254,0,0,0,0,0,0,0,0,2018-06-19 16:14:46
488,16:16:46,2018-06-19,262,254,0,0,0,0,0,0,0,0,2018-06-19 16:16:46
489,16:18:46,2018-06-19,262,254,0,0,0,0,0,0,0,0,2018-06-19 16:18:46
490,16:20:47,2018-06-19,262,254,0,0,0,0,0,0,0,0,2018-06-19 16:20:47
491,16:22:47,2018-06-19,262,254,0,0,0,0,0,0,0,0,2018-06-19 16:22:47
492,16:24:46,2018-06-19,262,254,0,0,0,0,0,0,0,0,2018-06-19 16:24:46
493,16:26:46,2018-06-19,262,254,0,0,0,0,0,0,0,0,2018-06-19 16:26:46
494,16:28:47,2018-06-19,262,254,0,0,0,0,0,0,0,0,2018-06-19 16:28:47
495,16:30:47,2018-06-19,262,254,0,0,0,0,0,0,0,0,2018-06-19 16:30:47
496,16:32:47,2018-06-19,262,253,0,0,0,0,0,0,0,0,2018-06-19 16:32:47
497,16:34:46,2018-06-19,262,254,0,0,0,0,0,0,0,0,2018-06-19 16:34:46
498,16:36:47,2018-06-19,262,253,0,0,0,0,0,0,0,0,2018-06-19 16:36:47
499,16:38:47,2018-06-19,262,254,0,0,0,0,0,0,0,0,2018-06-19 16:38:47
500,16:40:46,2018-06-19,261,253,0,0,0,0,0,0,0,0,2018-06-19 16:40:46
501,16:42:46,2018-06-19,261,254,0,0,0,0,0,0,0,0,2018-06-19 16:42:46
502,16:44:47,2018-06-19,261,253,0,0,0,0,0,0,0,0,2018-06-19 16:44:47
503,16:46:47,2018-06-19,262,253,0,0,0,0,0,0,0,0,2018-06-19 16:46:47
504,16:48:46,2018-06-19,261,253,0,0,0,0,0,0,0,0,2018-06-19 16:48:46
505,16:50:46,2018-06-19,261,253,0,0,0,0,0,0,0,0,2018-06-19 16:50:46
506,16:52:47,2018-06-19,261,253,0,0,0,0,0,0,0,0,2018-06-19 16:52:47
507,16:54:47,2018-06-19,261,253,0,0,0,0,0,0,0,0,2018-06-19 16:54:47
508,16:56:47,2018-06-19,261,253,0,0,0,0,0,0,0,0,2018-06-19 16:56:47
509,16:58:47,2018-06-19,261,253,0,0,0,0,0,0,0,0,2018-06-19 16:58:47
510,17:00:47,2018-06-19,261,253,0,0,0,0,0,0,0,0,2018-06-19 17:00:47
511,17:02:47,2018-06-19,261,253,0,0,0,0,0,0,0,0,2018-06-19 17:02:47
512,17:04:47,2018-06-19,261,253,0,0,0,0,0,0,0,0,2018-06-19 17:04:47
513,17:06:47,2018-06-19,261,253,0,0,0,0,0,0,0,0,2018-06-19 17:06:47
514,17:08:47,2018-06-19,261,253,0,0,0,0,0,0,0,0,2018-06-19 17:08:47
515,17:10:47,2018-06-19,261,253,0,0,0,0,0,0,0,0,2018-06-19 17:10:47
516,17:12:47,2018-06-19,261,253,0,0,0,0,0,0,0,0,2018-06-19 17:12:47
517,17:14:47,2018-06-19,261,253,0,0,0,0,0,0,0,0,2018-06-19 17:14:47
518,17:16:47,2018-06-19,261,253,0,0,0,0,0,0,0,0,2018-06-19 17:16:47
519,17:18:47,2018-06-19,261,253,0,0,0,0,0,0,0,0,2018-06-19 17:18:47
520,17:20:47,2018-06-19,261,253,0,0,0,0,0,0,0,0,2018-06-19 17:20:47
521,17:22:47,2018-06-19,261,253,0,0,0,0,0,0,0,0,2018-06-19 17:22:47
522,17:24:47,2018-06-19,261,253,0,0,0,0,0,0,0,0,2018-06-19 17:24:47
523,17:26:47,2018-06-19,261,253,0,0,0,0,0,0,0,0,2018-06-19 17:26:47
524,17:28:47,2018-06-19,261,253,0,0,0,0,0,0,0,0,2018-06-19 17:28:47
525,17:30:47,2018-06-19,261,253,0,0,0,0,0,0,0,0,2018-06-19 17:30:47
526,17:32:47,2018-06-19,261,253,0,0,0,0,0,0,0,0,2018-06-19 17:32:47
527,17:34:47,2018-06-19,261,253,0,0,0,0,0,0,0,0,2018-06-19 17:34:47
528,17:36:47,2018-06-19,261,253,0,0,0,0,0,0,0,0,2018-06-19 17:36:47
529,17:38:47,2018-06-19,261,253,0,0,0,0,0,0,0,0,2018-06-19 17:38:47
530,17:40:47,2018-06-19,261,253,0,0,0,0,0,0,0,0,2018-06-19 17:40:47
531,17:42:47,2018-06-19,261,253,0,0,0,0,0,0,0,0,2018-06-19 17:42:47
532,17:44:47,2018-06-19,261,253,0,0,0,0,0,0,0,0,2018-06-19 17:44:47
533,17:46:47,2018-06-19,261,253,0,0,0,0,0,0,0,0,2018-06-19 17:46:47
534,17:48:47,2018-06-19,261,253,0,0,0,0,0,0,0,0,2018-06-19 17:48:47
535,17:50:47,2018-06-19,261,253,0,0,0,0,0,0,0,0,2018-06-19 17:50:47
536,17:52:47,2018-06-19,261,253,0,0,0,0,0,0,0,0,2018-06-19 17:52:47
537,17:54:47,2018-06-19,261,253,0,0,0,0,0,0,0,0,2018-06-19 17:54:47
538,17:56:47,2018-06-19,261,253,0,0,0,0,0,0,0,0,2018-06-19 17:56:47
539,17:58:47,2018-06-19,261,253,0,0,0,0,0,0,0,0,2018-06-19 17:58:47
540,18:00:47,2018-06-19,261,253,0,0,0,0,0,0,0,0,2018-06-19 18:00:47
541,18:02:47,2018-06-19,261,253,0,0,0,0,0,0,0,0,2018-06-19 18:02:47
542,18:04:47,2018-06-19,261,253,0,0,0,0,0,0,0,0,2018-06-19 18:04:47
543,18:06:47,2018-06-19,261,253,0,0,0,0,0,0,0,0,2018-06-19 18:06:47
544,18:08:47,2018-06-19,261,253,0,0,0,0,0,0,0,0,2018-06-19 18:08:47
545,18:10:47,2018-06-19,261,253,0,0,0,0,0,0,0,0,2018-06-19 18:10:47
546,18:12:47,2018-06-19,261,253,0,0,0,0,0,0,0,0,2018-06-19 18:12:47
547,18:14:47,2018-06-19,261,253,0,0,0,0,0,0,0,0,2018-06-19 18:14:47
548,18:16:47,2018-06-19,261,253,0,0,0,0,0,0,0,0,2018-06-19 18:16:47
549,18:18:47,2018-06-19,261,253,0,0,0,0,0,0,0,0,2018-06-19 18:18:47
550,18:20:47,2018-06-19,261,253,0,0,0,0,0,0,0,0,2018-06-19 18:20:47
551,18:22:47,2018-06-19,261,253,0,0,0,0,0,0,0,0,2018-06-19 18:22:47
552,18:24:47,2018-06-19,261,253,0,0,0,0,0,0,0,0,2018-06-19 18:24:47
553,18:26:47,2018-06-19,261,253,0,0,0,0,0,0,0,0,2018-06-19 18:26:47
554,18:28:47,2018-06-19,261,253,0,0,0,0,0,0,0,0,2018-06-19 18:28:47
555,18:30:47,2018-06-19,261,253,0,0,0,0,0,0,0,0,2018-06-19 18:30:47
556,18:32:47,2018-06-19,261,253,0,0,0,0,0,0,0,0,2018-06-19 18:32:47
557,18:34:47,2018-06-19,261,253,0,0,0,0,0,0,0,0,2018-06-19 18:34:47
558,18:36:47,2018-06-19,261,253,0,0,0,0,0,0,0,0,2018-06-19 18:36:47
559,18:38:47,2018-06-19,261,253,0,0,0,0,0,0,0,0,2018-06-19 18:38:47
560,18:40:47,2018-06-19,261,253,0,0,0,0,0,0,0,0,2018-06-19 18:40:47
561,18:42:47,2018-06-19,261,253,0,0,0,0,0,0,0,0,2018-06-19 18:42:47
562,18:44:47,2018-06-19,261,253,0,0,0,0,0,0,0,0,2018-06-19 18:44:47
563,18:46:47,2018-06-19,261,253,0,0,0,0,0,0,0,0,2018-06-19 18:46:47
564,18:48:47,2018-06-19,261,253,0,0,0,0,0,0,0,0,2018-06-19 18:48:47
565,18:50:47,2018-06-19,261,253,0,0,0,0,0,0,0,0,2018-06-19 18:50:47
566,18:52:47,2018-06-19,261,253,0,0,0,0,0,0,0,0,2018-06-19 18:52:47
567,18:54:47,2018-06-19,261,253,0,0,0,0,0,0,0,0,2018-06-19 18:54:47
568,18:56:47,2018-06-19,261,253,0,0,0,0,0,0,0,0,2018-06-19 18:56:47
569,18:58:47,2018-06-19,261,253,0,0,0,0,0,0,0,0,2018-06-19 18:58:47
570,19:00:47,2018-06-19,261,253,0,0,0,0,0,0,0,0,2018-06-19 19:00:47
571,19:02:47,2018-06-19,261,253,0,0,0,0,0,0,0,0,2018-06-19 19:02:47
572,19:04:47,2018-06-19,261,253,0,0,0,0,0,0,0,0,2018-06-19 19:04:47
573,19:06:47,2018-06-19,261,253,0,0,0,0,0,0,0,0,2018-06-19 19:06:47
574,19:08:48,2018-06-19,261,253,0,0,0,0,0,0,0,0,2018-06-19 19:08:48
575,19:10:47,2018-06-19,261,253,0,0,0,0,0,0,0,0,2018-06-19 19:10:47
576,19:12:48,2018-06-19,261,253,0,0,0,0,0,0,0,0,2018-06-19 19:12:48
577,19:14:47,2018-06-19,261,253,0,0,0,0,0,0,0,0,2018-06-19 19:14:47
578,19:16:47,2018-06-19,261,253,0,0,0,0,0,0,0,0,2018-06-19 19:16:47
579,19:18:47,2018-06-19,261,253,0,0,0,0,0,0,0,0,2018-06-19 19:18:47
580,19:20:47,2018-06-19,261,253,0,0,0,0,0,0,0,0,2018-06-19 19:20:47
581,19:22:48,2018-06-19,261,253,0,0,0,0,0,0,0,0,2018-06-19 19:22:48
582,19:24:47,2018-06-19,261,253,0,0,0,0,0,0,0,0,2018-06-19 19:24:47
583,19:26:47,2018-06-19,261,253,0,0,0,0,0,0,0,0,2018-06-19 19:26:47
584,19:28:47,2018-06-19,261,253,0,0,0,0,0,0,0,0,2018-06-19 19:28:47
585,19:30:48,2018-06-19,261,253,0,0,0,0,0,0,0,0,2018-06-19 19:30:48
586,19:32:48,2018-06-19,261,253,0,0,0,0,0,0,0,0,2018-06-19 19:32:48
587,19:34:47,2018-06-19,261,253,0,0,0,0,0,0,0,0,2018-06-19 19:34:47
588,19:36:47,2018-06-19,261,253,0,0,0,0,0,0,0,0,2018-06-19 19:36:47
589,19:38:48,2018-06-19,261,253,0,0,0,0,0,0,0,0,2018-06-19 19:38:48
590,19:40:48,2018-06-19,261,253,0,0,0,0,0,0,0,0,2018-06-19 19:40:48
591,19:42:48,2018-06-19,261,253,0,0,0,0,0,0,0,0,2018-06-19 19:42:48
592,19:44:47,2018-06-19,261,253,0,0,0,0,0,0,0,0,2018-06-19 19:44:47
593,19:46:48,2018-06-19,261,253,0,0,0,0,0,0,0,0,2018-06-19 19:46:48
594,19:48:48,2018-06-19,261,253,0,0,0,0,0,0,0,0,2018-06-19 19:48:48
595,19:50:47,2018-06-19,261,253,0,0,0,0,0,0,0,0,2018-06-19 19:50:47
596,19:52:48,2018-06-19,261,253,0,0,0,0,0,0,0,0,2018-06-19 19:52:48
597,19:54:48,2018-06-19,261,253,0,0,0,0,0,0,0,0,2018-06-19 19:54:48
598,19:56:48,2018-06-19,261,253,0,0,0,0,0,0,0,0,2018-06-19 19:56:48
599,19:58:48,2018-06-19,261,253,0,0,0,0,0,0,0,0,2018-06-19 19:58:48
600,20:00:48,2018-06-19,261,253,0,0,0,0,0,0,0,0,2018-06-19 20:00:48
601,20:02:48,2018-06-19,261,253,0,0,0,0,0,0,0,0,2018-06-19 20:02:48
602,20:04:47,2018-06-19,261,253,0,0,0,0,0,0,0,0,2018-06-19 20:04:47
603,20:06:48,2018-06-19,261,253,0,0,0,0,0,0,0,0,2018-06-19 20:06:48
604,20:08:48,2018-06-19,261,253,0,0,0,0,0,0,0,0,2018-06-19 20:08:48
605,20:10:48,2018-06-19,261,253,0,0,0,0,0,0,0,0,2018-06-19 20:10:48
606,20:12:48,2018-06-19,261,253,0,0,0,0,0,0,0,0,2018-06-19 20:12:48
607,20:14:48,2018-06-19,261,253,0,0,0,0,0,0,0,0,2018-06-19 20:14:48
608,20:16:48,2018-06-19,261,253,0,0,0,0,0,0,0,0,2018-06-19 20:16:48
609,20:18:48,2018-06-19,261,253,0,0,0,0,0,0,0,0,2018-06-19 20:18:48
610,20:20:48,2018-06-19,261,253,0,0,0,0,0,0,0,0,2018-06-19 20:20:48
611,20:22:48,2018-06-19,261,253,0,0,0,0,0,0,0,0,2018-06-19 20:22:48
612,20:24:48,2018-06-19,261,253,0,0,0,0,0,0,0,0,2018-06-19 20:24:48
613,20:26:48,2018-06-19,261,253,0,0,0,0,0,0,0,0,2018-06-19 20:26:48
614,20:28:48,2018-06-19,261,253,0,0,0,0,0,0,0,0,2018-06-19 20:28:48
615,20:30:48,2018-06-19,261,253,0,0,0,0,0,0,0,0,2018-06-19 20:30:48
616,20:32:48,2018-06-19,261,253,0,0,0,0,0,0,0,0,2018-06-19 20:32:48
617,20:34:48,2018-06-19,261,253,0,0,0,0,0,0,0,0,2018-06-19 20:34:48
618,20:36:48,2018-06-19,261,253,0,0,0,0,0,0,0,0,2018-06-19 20:36:48
619,20:38:48,2018-06-19,261,253,0,0,0,0,0,0,0,0,2018-06-19 20:38:48
620,20:40:48,2018-06-19,261,253,0,0,0,0,0,0,0,0,2018-06-19 20:40:48
621,20:42:48,2018-06-19,261,253,0,0,0,0,0,0,0,0,2018-06-19 20:42:48
622,20:44:48,2018-06-19,261,253,0,0,0,0,0,0,0,0,2018-06-19 20:44:48
623,20:46:48,2018-06-19,261,253,0,0,0,0,0,0,0,0,2018-06-19 20:46:48
624,20:48:48,2018-06-19,261,253,0,0,0,0,0,0,0,0,2018-06-19 20:48:48
625,20:50:48,2018-06-19,261,253,0,0,0,0,0,0,0,0,2018-06-19 20:50:48
626,20:52:48,2018-06-19,261,253,0,0,0,0,0,0,0,0,2018-06-19 20:52:48
627,20:54:48,2018-06-19,261,253,0,0,0,0,0,0,0,0,2018-06-19 20:54:48
628,20:56:48,2018-06-19,261,253,0,0,0,0,0,0,0,0,2018-06-19 20:56:48
629,20:58:48,2018-06-19,261,253,0,0,0,0,0,0,0,0,2018-06-19 20:58:48
630,21:00:48,2018-06-19,261,253,0,0,0,0,0,0,0,0,2018-06-19 21:00:48
631,21:02:48,2018-06-19,261,253,0,0,0,0,0,0,0,0,2018-06-19 21:02:48
632,21:04:48,2018-06-19,261,253,0,0,0,0,0,0,0,0,2018-06-19 21:04:48
633,21:06:48,2018-06-19,261,253,0,0,0,0,0,0,0,0,2018-06-19 21:06:48
634,21:08:48,2018-06-19,260,253,0,0,0,0,0,0,0,0,2018-06-19 21:08:48
635,21:10:48,2018-06-19,260,253,0,0,0,0,0,0,0,0,2018-06-19 21:10:48
636,21:12:48,2018-06-19,260,253,0,0,0,0,0,0,0,0,2018-06-19 21:12:48
637,21:14:48,2018-06-19,260,252,0,0,0,0,0,0,0,0,2018-06-19 21:14:48
638,21:16:48,2018-06-19,260,252,0,0,0,0,0,0,0,0,2018-06-19 21:16:48
639,21:18:48,2018-06-19,260,252,0,0,0,0,0,0,0,0,2018-06-19 21:18:48
640,21:20:48,2018-06-19,260,252,0,0,0,0,0,0,0,0,2018-06-19 21:20:48
641,21:22:48,2018-06-19,260,252,0,0,0,0,0,0,0,0,2018-06-19 21:22:48
642,21:24:48,2018-06-19,260,252,0,0,0,0,0,0,0,0,2018-06-19 21:24:48
643,21:26:48,2018-06-19,260,252,0,0,0,0,0,0,0,0,2018-06-19 21:26:48
644,21:28:48,2018-06-19,260,252,0,0,0,0,0,0,0,0,2018-06-19 21:28:48
645,21:30:48,2018-06-19,260,252,0,0,0,0,0,0,0,0,2018-06-19 21:30:48
646,21:32:48,2018-06-19,260,252,0,0,0,0,0,0,0,0,2018-06-19 21:32:48
647,21:34:48,2018-06-19,260,252,0,0,0,0,0,0,0,0,2018-06-19 21:34:48
648,21:36:48,2018-06-19,260,252,0,0,0,0,0,0,0,0,2018-06-19 21:36:48
649,21:38:48,2018-06-19,260,252,0,0,0,0,0,0,0,0,2018-06-19 21:38:48
650,21:40:48,2018-06-19,260,252,0,0,0,0,0,0,0,0,2018-06-19 21:40:48
651,21:42:48,2018-06-19,260,252,0,0,0,0,0,0,0,0,2018-06-19 21:42:48
652,21:44:48,2018-06-19,260,252,0,0,0,0,0,0,0,0,2018-06-19 21:44:48
653,21:46:48,2018-06-19,260,252,0,0,0,0,0,0,0,0,2018-06-19 21:46:48
654,21:48:48,2018-06-19,260,252,0,0,0,0,0,0,0,0,2018-06-19 21:48:48
655,21:50:48,2018-06-19,260,252,0,0,0,0,0,0,0,0,2018-06-19 21:50:48
656,21:52:48,2018-06-19,260,252,0,0,0,0,0,0,0,0,2018-06-19 21:52:48
657,21:54:48,2018-06-19,260,252,0,0,0,0,0,0,0,0,2018-06-19 21:54:48
658,21:56:48,2018-06-19,260,252,0,0,0,0,0,0,0,0,2018-06-19 21:56:48
659,21:58:48,2018-06-19,260,252,0,0,0,0,0,0,0,0,2018-06-19 21:58:48
660,22:00:48,2018-06-19,260,252,0,0,0,0,0,0,0,0,2018-06-19 22:00:48
661,22:02:48,2018-06-19,260,252,0,0,0,0,0,0,0,0,2018-06-19 22:02:48
662,22:04:48,2018-06-19,260,252,0,0,0,0,0,0,0,0,2018-06-19 22:04:48
663,22:06:48,2018-06-19,260,252,0,0,0,0,0,0,0,0,2018-06-19 22:06:48
664,22:08:48,2018-06-19,260,252,0,0,0,0,0,0,0,0,2018-06-19 22:08:48
665,22:10:48,2018-06-19,260,252,0,0,0,0,0,0,0,0,2018-06-19 22:10:48
666,22:12:49,2018-06-19,260,252,0,0,0,0,0,0,0,0,2018-06-19 22:12:49
667,22:14:48,2018-06-19,259,252,0,0,0,0,0,0,0,0,2018-06-19 22:14:48
668,22:16:48,2018-06-19,259,252,0,0,0,0,0,0,0,0,2018-06-19 22:16:48
669,22:18:48,2018-06-19,259,252,0,0,0,0,0,0,0,0,2018-06-19 22:18:48
670,22:20:49,2018-06-19,259,252,0,0,0,0,0,0,0,0,2018-06-19 22:20:49
671,22:22:48,2018-06-19,259,252,0,0,0,0,0,0,0,0,2018-06-19 22:22:48
672,22:24:48,2018-06-19,259,251,0,0,0,0,0,0,0,0,2018-06-19 22:24:48
673,22:26:49,2018-06-19,259,251,0,0,0,0,0,0,0,0,2018-06-19 22:26:49
674,22:28:48,2018-06-19,259,251,0,0,0,0,0,0,0,0,2018-06-19 22:28:48
675,22:30:48,2018-06-19,259,251,0,0,0,0,0,0,0,0,2018-06-19 22:30:48
676,22:32:49,2018-06-19,259,251,0,0,0,0,0,0,0,0,2018-06-19 22:32:49
677,22:34:49,2018-06-19,259,251,0,0,0,0,0,0,0,0,2018-06-19 22:34:49
678,22:36:48,2018-06-19,259,251,0,0,0,0,0,0,0,0,2018-06-19 22:36:48
679,22:38:48,2018-06-19,259,251,0,0,0,0,0,0,0,0,2018-06-19 22:38:48
680,22:40:49,2018-06-19,259,251,0,0,0,0,0,0,0,0,2018-06-19 22:40:49
681,22:42:49,2018-06-19,259,251,0,0,0,0,0,0,0,0,2018-06-19 22:42:49
682,22:44:48,2018-06-19,259,251,0,0,0,0,0,0,0,0,2018-06-19 22:44:48
683,22:46:49,2018-06-19,259,251,0,0,0,0,0,0,0,0,2018-06-19 22:46:49
684,22:48:49,2018-06-19,259,251,0,0,0,0,0,0,0,0,2018-06-19 22:48:49
685,22:50:48,2018-06-19,259,251,0,0,0,0,0,0,0,0,2018-06-19 22:50:48
686,22:52:48,2018-06-19,259,251,0,0,0,0,0,0,0,0,2018-06-19 22:52:48
687,22:54:49,2018-06-19,259,251,0,0,0,0,0,0,0,0,2018-06-19 22:54:49
688,22:56:49,2018-06-19,259,251,0,0,0,0,0,0,0,0,2018-06-19 22:56:49
689,22:58:49,2018-06-19,259,251,0,0,0,0,0,0,0,0,2018-06-19 22:58:49
690,23:00:48,2018-06-19,259,251,0,0,0,0,0,0,0,0,2018-06-19 23:00:48
691,23:02:49,2018-06-19,259,251,0,0,0,0,0,0,0,0,2018-06-19 23:02:49
692,23:04:49,2018-06-19,259,251,0,0,0,0,0,0,0,0,2018-06-19 23:04:49
693,23:06:49,2018-06-19,259,251,0,0,0,0,0,0,0,0,2018-06-19 23:06:49
694,23:08:49,2018-06-19,259,251,0,0,0,0,0,0,0,0,2018-06-19 23:08:49
695,23:10:49,2018-06-19,259,251,0,0,0,0,0,0,0,0,2018-06-19 23:10:49
696,23:12:49,2018-06-19,259,251,0,0,0,0,0,0,0,0,2018-06-19 23:12:49
697,23:14:49,2018-06-19,259,251,0,0,0,0,0,0,0,0,2018-06-19 23:14:49
698,23:16:49,2018-06-19,259,251,0,0,0,0,0,0,0,0,2018-06-19 23:16:49
699,23:18:49,2018-06-19,258,251,0,0,0,0,0,0,0,0,2018-06-19 23:18:49
700,23:20:49,2018-06-19,258,251,0,0,0,0,0,0,0,0,2018-06-19 23:20:49
701,23:22:49,2018-06-19,258,250,0,0,0,0,0,0,0,0,2018-06-19 23:22:49
702,23:24:49,2018-06-19,258,250,0,0,0,0,0,0,0,0,2018-06-19 23:24:49
703,23:26:49,2018-06-19,258,250,0,0,0,0,0,0,0,0,2018-06-19 23:26:49
704,23:28:49,2018-06-19,258,250,0,0,0,0,0,0,0,0,2018-06-19 23:28:49
705,23:30:49,2018-06-19,258,250,0,0,0,0,0,0,0,0,2018-06-19 23:30:49
706,23:32:49,2018-06-19,258,250,0,0,0,0,0,0,0,0,2018-06-19 23:32:49
707,23:34:49,2018-06-19,258,250,0,0,0,0,0,0,0,0,2018-06-19 23:34:49
708,23:36:49,2018-06-19,258,250,0,0,0,0,0,0,0,0,2018-06-19 23:36:49
709,23:38:49,2018-06-19,258,250,0,0,0,0,0,0,0,0,2018-06-19 23:38:49
710,23:40:49,2018-06-19,258,250,0,0,0,0,0,0,0,0,2018-06-19 23:40:49
711,23:42:49,2018-06-19,258,250,0,0,0,0,0,0,0,0,2018-06-19 23:42:49
712,23:44:49,2018-06-19,258,250,0,0,0,0,0,0,0,0,2018-06-19 23:44:49
713,23:46:49,2018-06-19,258,250,0,0,0,0,0,0,0,0,2018-06-19 23:46:49
714,23:48:49,2018-06-19,258,250,0,0,0,0,0,0,0,0,2018-06-19 23:48:49
715,23:50:49,2018-06-19,258,250,0,0,0,0,0,0,0,0,2018-06-19 23:50:49
716,23:52:49,2018-06-19,258,250,0,0,0,0,0,0,0,0,2018-06-19 23:52:49
717,23:54:49,2018-06-19,258,250,0,0,0,0,0,0,0,0,2018-06-19 23:54:49
718,23:56:49,2018-06-19,258,250,0,0,0,0,0,0,0,0,2018-06-19 23:56:49
719,23:58:49,2018-06-19,258,250,0,0,0,0,0,0,0,0,2018-06-19 23:58:49
